title,address
ATM CN LAI CHÂU,"61 Đại lộ Lê Lợi, Tổ 10, Phường Tân Phong, Thành phố Lai Châu, Tỉnh Lai Châu, Việt Nam"
ATM CN ĐIỆN BIÊN,"822 Đường Võ Nguyên Giáp, phường Tân Thanh, Thành phố Điện Biên Phủ, tỉnh Điện Biên, Việt Nam"
ATM CN Lào Cai,"143 Hoàng Liên, Cốc Lếu, Thành phố Lào Cai, Tỉnh Lào Cai, Việt Nam"
ATM CN Sơn La,"457A Chu Văn Thịnh, thành phố Sơn La, tỉnh Sơn La, Việt Nam"
ATM PGD HÀM YÊN,"208 Phố Cầu Mới, Thị Trấn Tân Yên, Huyện Hàm Yên, Tỉnh Tuyên Quang, Việt Nam"
ATM CN HÀ GIANG,"419 Nguyễn Trãi, Thành phố Hà Giang, Tỉnh Hà Giang, Việt Nam"
ATM PGD PHÙ YÊN,"Bản phố xã Huy bắc, KĐT 2/9 Phù Yên, Huyện Phù Yên, Tỉnh Sơn La, Việt Nam"
ATM CN YÊN BÁI,"738 Điện Biên, Minh Tân, Thành phố Yên Bái, tỉnh Yên Bái, Việt Nam"
ATM CN TUYÊN QUANG,"69 Hà Huy Tập, phường Phan Thiết, Thành phố Tuyên Quang, tỉnh Tuyên Quang, Việt Nam"
ATM PGD ĐOAN HÙNG,"598 Đồng Tâm, thị trấn Đoan Hùng, huyện Đoan Hùng, tỉnh Phú Thọ, Việt Nam"
ATM TRUNG TÂM THƯƠNG MẠI VINCOM+PHÚ THỌ,"trung tâm thương mại Vincom+Phú Thọ - 200 Nguyễn Tất Thành, Phường Hùng Vương, Thị xã Phú Thọ, Tỉnh Phú Thọ, Việt Nam"
ATM PGD THANH THỦY,"khu phố, thị trấn Thanh Thủy, Huyện Thanh Thủy, Tỉnh Phú Thọ, Việt Nam"
ATM CN Phú Thọ,"Số 2191 đường Hùng Vương, phường Gia Cẩm, thành phố Việt Trì, tỉnh Phú Thọ"
ATM CN BẮC KẠN,"35 Trường Chinh, tổ 5, phường Phùng Chí Kiên, Bắc Kạn, tỉnh Bắc Kạn, Việt Nam"
ATM PGD LẬP THẠCH,"Tỉnh lộ 307, Khu vực Trẻ Gắp , thị trấn Lập Thạch, huyện Lập Thạch, tỉnh Vĩnh Phúc, Việt Nam"
ATM PGD ĐẠI TỪ,"590 Quốc Lộ 37, Tổ Dân Phố Chợ 1, Thị Trấn Hùng Sơn, Huyện Đại Từ, Tỉnh Thái Nguyên, Việt Nam"
ATM CN CAO BẰNG,"40 Kim Đồng, phường Hợp Giang, Thành phố Cao Bằng, tỉnh Cao Bằng, Việt Nam"
ATM CN Vĩnh Phúc,"Số 3 đường Mê Linh, Phường Liên Bảo, Thành Phố Vĩnh Yên, Tỉnh Vĩnh Phúc, Việt Nam"
ATM CN Hòa Bình,"589 Cù Chính Lan, phường Phương Lâm, thành phố Hòa Bình, tỉnh Hòa Bình"
ATM CN Thái Nguyên,"Đường Bắc Sơn, KDC số 01, Phường Hoàng Văn Thụ, Thành Phố Thái Nguyên, Tỉnh Thái Nguyên, Việt Nam"
ATM PGD PHÚC YÊN,"01 Sóc Sơn, Phường Trưng Trắc, Thành phố Phúc Yên, tỉnh Vĩnh Phúc, Việt Nam"
ATM PGD ĐAN PHƯỢNG,"Số 244 Tây Sơn, Thị trấn Phùng, Huyện Đan Phượng, Thành phố Hà Nội, Việt Nam"
ATM PGD PHỔ YÊN,"17, Tổ dân phố 6, Phường Ba Hàng, Thành phố Phổ Yên, Tỉnh Thái Nguyên"
ATM PGD ĐÔNG ANH,"81-83 tổ 4, Thị trấn Đông anh, Huyện Đông anh, Thành phố Hà Nội, Việt Nam"
ATM PGD Từ Liêm,"Tổ dân phố số 8 Tu Hoàng, Phường Phương Canh, Quận Nam Từ Liêm, Thành Phố Hà Nội, Việt Nam"
ATM PGD BẮC AN KHÁNH,"Tòa nhà 101 Khu chung cư, Khu đô thị Splendora, Bắc An Khánh, Huyện Hoài Đức, Thành phố Hà Nội, Việt Nam"
ATM PGD PHÚ BÌNH,"tổ 1, thị trấn Hương Sơn, huyện Phú Bình, tỉnh Thái Nguyên, Việt Nam"
ATM PGD Tây Hà Nội,"138 Hoàng Quốc Việt, Phường Nghĩa Tân, Quận Cầu Giấy, thành phố Hà Nội, Việt Nam"
ATM PGD Tây Hồ,"22 Xuân La, Quận Tây Hồ, Thành Phố Hà Nội, Việt Nam"
ATM PGD Thủ Đô,"Số 690 đường Lạc Long Quân, Phường Nhật Tân, Quận Tây Hồ, Thành Phố Hà Nội, Việt Nam"
ATM PGD Quang Trung,"Tòa nhà CT2, chung cư Ngô Thì Nhậm, Phường Hà Cầu, Quận Hà Đông, Thành Phố Hà Nội, Việt Nam"
ATM PGD Trung Hòa,"80 Trung Kính, Phường Yên Hoà, Quận Cầu Giấy, Thành Phố Hà Nội, Việt Nam"
ATM CN Ba Đình,"Tòa nhà Icon4, 243A, Đê La Thành, Phường Láng Thượng, Quận Đống Đa, Thành Phố Hà Nội, Việt Nam"
ATM PGD Trung Yên,"17 LÔ A4, KĐT Trung Yên, Trung Hòa, Phường Trung Hòa, Quận Cầu Giấy, Thành Phố Hà Nội, Việt Nam"
ATM CN Hà Nội,"2C, khu Đoàn Ngoại giao Vạn Phúc, Phường Ngọc Khánh, Quận Ba Đình, Thành Phố Hà Nội, Việt Nam"
ATM PGD Thành Công,"101 và 201, C18 Nguyên Hồng, phường Láng Hạ, quận Đống Đa, Thành Phố Hà Nội, Việt Nam"
ATM PGD Thượng Đình,"Tòa nhà Nam Anh - 68 ngõ 116 Nhân Hòa, Phường Nhân Chính, Quận Thanh Xuân, Thành Phố Hà Nội, Việt Nam"
ATM CN Hồ Gươm,"66 Lê Văn Lương, Phường Nhân Chính, Quận Thanh Xuân, Thành Phố Hà Nội, Việt Nam"
ATM PGD Trần Hưng Đạo,"Nhà A-03, 83 Hào Nam, Phường Ô Chợ Dừa, Huyện Đống Đa, Thành phố Hà Nội, Việt Nam"
ATM PGD PHAN ĐÌNH PHÙNG,"37 Phan Đình Phùng, Phường Quán Thánh, Quận Ba Đình, Thành phố Hà Nội, Việt Nam"
ATM PGD Hoàng Văn Thái,"142 Hoàng Văn Thái, Phường Khương Mai, Quận Thanh Xuân, Thành Phố Hà Nội, Việt Nam"
ATM CN Hoàn Kiếm 01,"32 Trần Hưng Đạo, Phường Phan Chu Trinh, Quận Hoàn Kiếm, Thành Phố Hà Nội, Việt Nam"
ATM CN Hoàn Kiếm 02,"32 Trần Hưng Đạo, Phường Phan Chu Trinh, Quận Hoàn Kiếm, Thành Phố Hà Nội, Việt Nam"
ATM PGD Nam Đô,"46 Phố Vọng, Phường Đồng Tâm, Quận Hai Bà Trưng, Thành Phố Hà Nội, Việt Nam"
PGD Từ Sơn,"Tòa nhà Long Phương, Đông Ngàn, Từ Sơn, Bac Ninh Province, Vietnam"
ATM PGD VIỆT YÊN,"Thôn vàng, thị trấn Bích Động, Huyện Việt Yên, tỉnh Bắc Giang, Việt Nam"
ATM PGD VĂN GIANG,"137 phố Văn Giang, thị trấn Văn Giang, tỉnh Hưng Yên, Việt Nam"
ATM CN Bắc Ninh,"Tòa nhà Viglacera, số 15 Lý Thái Tổ, Thành Phố Bắc Ninh, Tỉnh Bắc Ninh, Việt Nam"
ATM PGD VĂN LÂM,"Thị Trấn Như Quỳnh, Huyện Văn Lâm, Tỉnh Hưng Yên, Việt Nam"
ATM PGD TÂN YÊN,"Lô D3 Cao Kỳ Vân, tt. Cao Thượng, Huyện Tân Yên, Tỉnh Bắc Giang, Việt Nam"
ATM PGD THUẬN THÀNH,"LK13-1 & LK13-2 khu nhà ở tổng hợp thị trấn Hồ, huyện Thuận Thành, tỉnh Bắc Ninh, Việt Nam"
ATM CN Bắc Giang,"772 Lê Lợi, Phường Dĩnh Kế, Thành phố Bắc Giang, Tỉnh Bắc Giang, Việt Nam"
ATM PGD HỮU LŨNG,"Số 10A Chi Lăng, Khu An Ninh, tt. Hữu Lũng, Huyện Hữu Lũng, Tỉnh Lạng Sơn, Việt Nam"
ATM PGD KHOÁI CHÂU,"Khu Tttm An Bình, Xã Dân Tiến, Huyện Khoái Châu, Tỉnh Hưng Yên, Việt Nam"
ATM CN MỸ HÀO,"Trung Tâm Thương Mại Dịch Vụ 2 Thuộc Dự Án Khu Nhà Ở Công Nhân, Nhà Ở Thương Mại Lạc Hồng – Phố Nối, Phường Nhân Hòa, Thị Xã Mỹ Hào, Tỉnh Hưng Yên, Việt Nam"
ATM PGD DUY TIÊN,"650 Nguyễn Hữu Tiến, Phường Duy Minh, Thị xã Duy Tiên, Tỉnh Hà Nam, Việt Nam"
ATM CN Hà Nam,"Số PG1-08A VinCom, đường Biên Hòa, Tổ 5, Phường Minh Khai, thành phố Phủ Lý, tỉnh Hà Nam"
ATM PGD GIA VIỄN,"Đường Hồng Dân, phố mới, Thị trấn Me, Huyện Gia Viễn, Tỉnh Ninh Bình, Việt Nam"
ATM PGD LỤC NAM,"16 Phố Thanh Xuân, thị trấn Đồi Ngô, huyện Lục Nam, tỉnh Bắc Giang, Việt Nam"
ATM CN Hưng Yên,"Số 129 Hải Thượng Lãn Ông, phường Hiến Nam, Thành Phố Hưng Yên, Tỉnh Hưng Yên, Việt Nam"
ATM Bà Triệu,"298 Bà Triệu, Phường Vĩnh Trại, Thành phố Lạng Sơn, Tỉnh Lạng Sơn, Việt Nam"
ATM CN Lạng Sơn,"Số 408 Bà Triệu, Phường Vĩnh Trại, Thành phố Lạng Sơn, Tỉnh Lạng Sơn, Việt Nam"
ATM CN Hải Dương,"360 Nguyễn Lương Bằng, Phường Thanh Bình, Thành Phố Hải Dương, Tỉnh Hải Dương, Việt Nam"
ATM PGD ĐIỆN BIÊN PHỦ,"199 Điện Biên Phủ, phường Bình Hàn, Thành phố Hải Dương, tỉnh Hải Dương, Việt Nam"
ATM PGD THÀNH ĐÔNG,"22 Quang Trung, phường Quang Trung, Thành phố Hải Dương, tỉnh Hải Dương, Việt Nam"
ATM CN Ninh Bình,"67 Lương Văn Tụy, phố Phúc Tân , phường Phúc Thành, Thành phố Ninh Bình, tỉnh Ninh Bình, Việt Nam"
ATM HOA LƯ,"422 Nguyễn Công Trứ, Phường Ninh Sơn, Thành phố Ninh Bình, Tỉnh Ninh Bình, Việt Nam"
ATM CN Thanh Hóa,"Số 13, 14 Phan Chu Trinh, Phường Điện Biên, Thành Phố Thanh Hóa, Tỉnh Thanh Hóa, Việt Nam"
ATM PGD ĐÀO DUY TỪ,"LK1-19 Đào Duy Từ, phường Ba Đình, Thành phố Thanh Hóa, Tỉnh Thanh Hóa, Việt Nam"
ATM CN Nam Định,"08 Nguyễn Du, Phường Nguyễn Du, Thành phố Nam Định, Tỉnh Nam Định"
ATM NHÀ MÁY SAO VÀNG QUỲNH PHỤ 01,"Cụm Công Nghiệp, Quỳnh Côi, Xã Quỳnh Mỹ, Huyện Quỳnh Phụ, Tỉnh Thái Bình, Việt Nam"
ATM NHÀ MÁY SAO VÀNG QUỲNH PHỤ 02,"Cụm Công Nghiệp, Quỳnh Côi, Xã Quỳnh Mỹ, Huyện Quỳnh Phụ, Tỉnh Thái Bình, Việt Nam"
CTY TNHH MAY MẶC V.J.ONE,"Thôn An Ry, Xã Hồng Bạch, Huyện Đông Hưng, Tỉnh Thái Bình, Việt Nam"
ATM PGD ĐÔ LƯƠNG,"khu đô thị Vườn xanh, khối 4, thị trấn Đô Lương, huyện Đô Lương, tỉnh Nghệ An, Việt Nam"
ATM NHÀ MÁY SAO VÀNG NINH GIANG,"Khu 3, Thị trấn Ninh Giang, huyện Ninh Giang, tỉnh Hải Dương, Việt Nam"
ATM CÔNG TY TNHH XHL,"Cụm công nghiệp minh lãng, xã Minh Lãng, huyện Vũ Thư, tỉnh Thái Bình, Việt Nam"
ATM CTY TNHH PS VINA,"Khu công nghiệp Gia Lễ, Xã Đông Xuân, Huyện Đông Hưng, Tỉnh Thái Bình, Việt Nam"
ATM CTY SUN VIGOR,"CCN Tiên Cường, Xã Tiên Cường, Huyện Tiên Lãng, Thành phố Hải Phòng, Việt Nam"
ATM KCN TRÀNG DUỆ,"km 35, Quốc lộ 10, Xã Quốc Tuấn, Huyện An Lão, Thành Phố Hải Phòng, Việt Nam"
ATM CN THÁI BÌNH,"Số 5 Quang Trung, Thành Phố Thái Bình, Tỉnh Thái Bình, Việt Nam"
ATM PGD TĨNH GIA,"232 Quang Trung, Phường Hải Hòa, Thị xã Nghi Sơn, Tỉnh Thanh Hóa, Việt Nam"
ATM Công ty Sao Vàng 02,"22 Tĩnh lộ 360 khu An Tràng , Thị Trấn Trường Sơn, Huyện An Lão, Thành Phố Hải Phòng, Việt Nam"
ATM Công ty Sao Vàng 01,"22 Tĩnh lộ 360 khu An Tràng , Thị Trấn Trường Sơn, Huyện An Lão, Thành Phố Hải Phòng, Việt Nam"
ATM PGD BẮC NGHỆ AN,"Khối Bắc Mỹ Phường Quỳnh Thiện, Thị xã Hoàng Mai, Tỉnh Nghệ An, Việt Nam"
ATM CN THỦY NGUYÊN,"số 14 Đường Đà Nẵng (tổ dân phố Đà Nẵng), Thị trấn Núi Đèo, Huyện Thủy Nguyên, Thành Phố Hải Phòng, Việt Nam"
ATM NHÀ MÁY DA GIÀY SAO VÀNG TIÊN LÃNG,"Khu 6, thị trấn Tiên Lãng, Huyện Tiên Lãng, Thành phố Hải Phòng, Việt Nam"
ATM CÔNG TY SAO VÀNG TIÊN LÃNG 2,"Khu 6, Thị trấn Tiên Lãng, Huyện Tiên Lãng, Thành phố Hải Phòng, Việt Nam"
ATM PGD Diễn Châu,"Thôn 3, xã Diễn Kỳ, Huyện Diễn Châu, Tỉnh Nghệ An, Việt Nam"
ATM PGD NGÔ QUYỀN,"Số 376 Tô Hiệu, Phường Hồ Nam, Quận Lê Chân, Thành Phố Hải Phòng, Việt Nam"
ATM VIMARU,"Trường Đại học Hàng Hải, 484 Lạch Tray, Phường Đổng Quốc Bình, Quận Ngô Quyền, Thành Phố Hải Phòng, Việt Nam"
ATM CN Hải Phòng,"116 Nguyễn Đức Cảnh, Phường Cát Dài, Quận Lê Chân, Thành Phố Hải Phòng, Việt Nam"
ATM PGD Hải Đăng,"Số 02, lô 22A, Lê Hồng Phong, Phường Đông Khê, Quận Ngô Quyền, Thành Phố Hải Phòng, Việt Nam"
ATM PGD DIÊM ĐIỀN,"số 155, Đường Nguyễn Đức Cảnh, tổ dân phố số 6, Thị trấn Diêm Điền, huyện Thái Thụy, tỉnh Thái Bình, Việt Nam"
ATM CTY SAO VÀNG THÁI XUYÊN,"Cụm Công nghiệp Mỹ Xuyên, xã Thái Xuyên, huyện Thái Thụy, tỉnh Thái Bình, Việt Nam"
ATM PGD TIỀN HẢI,"38 Phố Hùng Thắng, Tổ Dân Phố Hùng Thắng, thị trấn Tiền Hải, huyện Tiền Hải, tỉnh Thái Bình, Việt Nam"
ATM Nhà Máy Liên Dinh 2,"KM số 9 đường Phạm Văn Ðồng, Phường Hải Thành, Quận Dương Kinh, Thành Phố Hải Phòng, Việt Nam"
ATM PGD Hương Sơn,"56 Nguyễn Tuấn Thiện, khu phố 1, thị trấn Phố Châu, Huyện Hương Sơn, Tỉnh Hà Tĩnh, Việt Nam"
ATM PGD Quán Hành,"Tòa nhà công ty cổ phần thương mại Bảo Hưng - Khối 4, Thị Trấn Quán Hành, Huyện Nghi Lộc, Tỉnh Nghệ An, Việt Nam"
ATM CN Nghệ An,"39 Lê Hồng Phong, Phường Hưng Bình, Thành Phố Vinh, Tỉnh Nghệ An, Việt Nam"
ATM KHÁCH SẠN HOÀNG GIA,"Hạ Long, phường Bãi Cháy, Thành phố Hạ Long, tỉnh Quảng Ninh, Việt Nam"
ATM CN Quảng Ninh,"9a-10a 25 Tháng 4, Hồng Gai, Thành phố Hạ Long, Quảng Ninh, Việt Nam"
ATM PGD CẨM PHẢ,"402 Trần Phú, Thành phố Cẩm Phả, tỉnh Quảng Ninh, Việt Nam"
ATM PGD Lộc Hà,"22/12 Thôn Hồng Lạc, Xã Thạch Châu, Huyện Lộc Hà, Tỉnh Hà Tĩnh, Việt Nam"
ATM CN Hà Tĩnh,"70 Phan Đình Phùng, phường Nam Hà, Thành phố Hà Tĩnh, tỉnh Hà Tĩnh, Việt Nam"
ATM CN MÓNG CÁI,"59 đại lộ Hòa Bình, Phường Trần Phú, Thành phố Móng Cái, Tỉnh Quảng Ninh, Việt Nam"
ATM PGD Vũng Áng,"Tổ dân phố Liên Giang, Phường Kỳ Long, Thị xã Kỳ Anh, Tỉnh Hà Tĩnh, Việt Nam"
ATM FORMOSA HÀ TĨNH,"Công ty Formosa Thôn Liên Giang, Phường Kỳ Long, Thị xã Kỳ Anh, tỉnh Hà Tĩnh, Việt Nam"
ATM PGD BA ĐỒN,"137-139 Hùng Vương, Phường Ba Đồn, Thị xã Ba Đồn, tỉnh Quảng Bình, Việt Nam"
ATM PGD BỐ TRẠCH,"49 Hùng Vương, thị trấn Hoàn Lão, huyện Bố Trạch, tỉnh Quảng Bình, Việt Nam"
ATM CN Quảng Bình,"352 Trần Hưng Đạo, Phường Nam Lý, Thành phố Đồng Hới, Tỉnh Quảng Bình, Việt Nam"
ATM PGD LỆ THỦY,"42 Nguyễn Tất Thành, thị trấn Kiến Giang, huyện Lệ Thủy, tỉnh Quảng Bình, Việt Nam"
ATM CN QUẢNG TRỊ,"102 Quốc lộ 9, Phường 1, Thành phố Đông Hà, tỉnh Quảng Trị, Việt Nam"
ATM PGD THÀNH CỔ,"226-228 Trần Hưng Đạo, Phường 2, Thị Xã Quảng Trị, Tỉnh Quảng Trị, Việt Nam"
ATM CN Huế,"41-43 Bến Nghé, Phường Phú Hộ, Thành phố Huế, Thành Phố Huế, Việt Nam"
ATM CN HUẾ,"41-43 Bến Nghé, phường Phú Hội, Thành phố Huế, tỉnh Thừa Thiên Huế, Việt Nam"
ATM PGD Hải Châu,"Lô 500A Điện Biên Phủ,Phường Hoà Khê, Quận Thanh Khê, Thành Phố Đà Nẵng, Việt Nam"
ATM CN Đà Nẵng,"191 Lê Lợi, phường Hải Châu 1, Quận Hải Châu, thành phố Đà Nẵng, Việt Nam"
ATM FURAMA,"103-105, Võ Nguyên Giáp, Phường Khuê Mỹ, Quận Ngũ Hành Sơn, Thành Phố Đà Nẵng, Việt Nam"
ATM PGD ĐIỆN BÀN,"147 Trần Nhân Tông, Phường Vĩnh Điện, Thị xã Điện Bàn, Tỉnh Quảng Nam, Việt Nam"
ATM CN Quảng Nam,"244 Lý Thường Kiệt, Phường Sơn Phong, Thành phố Hội An, Tỉnh Quảng Nam, Việt Nam"
ATM CN PHÚ QUỐC,"139 Đường Nguyễn Trung Trực, Phường Dương Đông, Phú Quốc, Kiên Giang, Việt Nam"
ATM KV CHỢ ĐÊM DƯƠNG ĐÔNG - PHÚ QUỐC CENTRE,"01 Trần Hưng Đạo, Kp 7, Phường Dương Đông, Tp. Phú Quốc, Tỉnh Kiên Giang, Việt Nam"
ATM CTY MAY ONEWOO,"Lô B/B1 Cụm Cn Hà Lam - Chợ Được, Xã Bình Phục, Huyện Thăng Bình, Tỉnh Quảng Nam, Việt Nam"
ATM PGD NGỌC HỒI,"843 Hùng Vương, Tổ dân phố 2, Thị trấn Plei Cần, Huyện Ngọc Hồi, Tỉnh Kon Tum, Việt Nam"
ATM PGD TAM KỲ,"237-239 Phan Chu Trinh, phường Phước Hòa, Thành phố Tam Kỳ, tỉnh Quảng Nam, Việt Nam"
ATM PGD ĐĂK HÀ,"501 Hùng Vương, thị trấn Đắk Hà, huyện Đắk Hà, tỉnh Kon Tum, Việt Nam"
ATM PGD NÚI THÀNH,"193 Nguyễn Văn Linh, thị trấn Núi Thành, huyện Núi Thành, tỉnh Quảng Nam, Việt Nam"
ATM CN Kon Tum,"556a Trần Phú, Phường Quyết Thắng, Thành phố Kon Tum, tỉnh Kon Tum, Việt Nam"
ATM PGD ĐĂK BLA,"931 Phạm Văn Đồng, phường Trần Hưng Đạo, Thành phố Kon Tum, tỉnh Kon Tum, Việt Nam"
ATM PGD CHÂU ĐỐC,"163-165 Lê Lợi, Phường Châu Phú B, Tp. Châu Đốc, Tỉnh An Giang, Việt Nam"
ATM PGD CHÂU Ổ,"517-519 Phạm Văn Đồng, Thị Trấn Châu Ổ, Huyện Bình Sơn, Tỉnh Quảng Ngãi, Việt Nam"
ATM PGD Xa Mát,"12 Nguyễn Văn Linh, khu phố 2, Thị trấn Tân Biên, Huyện Tân Biên, Tỉnh Tây Ninh, Việt Nam"
ATM CÔNG TY BÒ TRUNG NGUYÊN,"ia puch, Chư Prông, Gia Lai, Việt Nam"
ATM CN Quảng Ngãi,"219- 221 Quang Trung, Phường Lê Hồng Phong, Thành phố Quảng Ngãi, Tỉnh Quảng Ngãi, Việt Nam"
ATM CTY TNHH LUTHAI TÂN CHÂU,"Cụm công nghiệp Tân Hội 1, Xã Tân Hội, Huyện Tân Châu, TỉnhTây Ninh, Việt Nam"
PGD HÒN ĐẤT,"Số 11 Tổ 10 Khu phố Đường Hòn, Thị trấn Hòn Đất, Huyện Hòn Đất, Tỉnh Kiên Giang, Việt Nam"
ATM CN Gia Lai,"182 Nguyễn Tất Thành, Phường Phù Đổng, Thành phố Pleiku, Tỉnh Gia Lai, Việt Nam"
ATM PGD TÂN CHÂU,"105-107 Trần Văn Trà, thị trấn Tân Châu, huyện Tân Châu, tỉnh Tây Ninh, Việt Nam"
ATM PGD CHÂU PHÚ,"366 Quốc Lộ 91, Ấp Bình Chánh, Xã Bình Long, Huyện Châu Phú, Tỉnh An Giang, Việt Nam"
ATM PGD ĐAK ĐOA,"297- 299 nguyễn huệ, tdp 3, thị trấn Đak Đoa, Huyện Đak Đoa, Tỉnh Gia Lai, Việt Nam"
ATM CN Tây Ninh,"Số 440 đường 30/4, Khu Phố 1, Phường 3, Thành Phố Tây Ninh, Tỉnh Tây Ninh, Việt Nam"
ATM PGD Chư Sê,"807B Hùng Vương, thị trấn Chư Sê, Huyện Chư Sê, Tỉnh Gia Lai"
ATM CN An Giang,"217 Lý Thái Tổ, Tổ 5, Khóm 7, Phường Mỹ Long, Thành Phố Long Xuyên, Tỉnh An Giang, Việt Nam"
ATM CTY Nghị Phong 2,"KCN Trần Quốc Toản, phường 11, TP. Cao Lãnh, Tỉnh Đồng Tháp, Việt Nam"
ATM CTY Nghị Phong 1,"KCN Trần Quốc Toản, phường 11, TP. Cao Lãnh, Tỉnh Đồng Tháp, Việt Nam"
ATM CN Kiên Giang,"936-938 Ba Tháng Hai, Phường An Hòa, Thành Phố Rạch Giá, Tỉnh Kiên Giang, Việt Nam"
ATM CTY VINATEX - NHÀ MÁY CẦN THƠ,"Trung tâm thương mại Huyện Vĩnh Thạnh, Ấp Vĩnh Tiến, tt Vĩnh Thạnh, Huyện Vĩnh Thạnh, Thành phố Cần Thơ, Việt Nam"
ATM CN Đồng Tháp,"13 Lý Thường Kiệt, Phường 2, Thành Phố Cao Lãnh, Tỉnh Đồng Tháp, Việt Nam"
ATM PGD THỐT NỐT,"161 Quốc lộ 91, Khu vực Long Thạnh 1, phường Thốt Nốt, quận Thốt Nốt, thành phố Cần Thơ, Việt Nam"
ATM Trung đoàn 66,"Xã Ea H'leo, Huyện Ea H'Leo, Tỉnh Đắk Lắk"
ATM PGD CHƠN THÀNH,"69 Đường 2 Tháng 4, Khu phố 3, Thị trấn Chơn Thành, Huyện Chơn Thành, Tỉnh Bình Phước"
ATM PGD THÁP MƯỜI,"118 Đường Hùng Vương, Khóm 4, tt. Mỹ An, Huyện Tháp Mười, Tỉnh Đồng Tháp, Việt Nam"
ATM PGD THÁC MƠ,"Đường Nguyễn Tất Thành, Khu Phố 5, phường Long Phước, thị xã Phước Long, tỉnh Bình Phước, Việt Nam"
ATM CTY TNHH KENRIES VIỆT NAM,"Đường D10 KCN Thành Thành Công, Phường An Hòa, Thị xã Trảng Bàng, Tỉnh Tây Ninh, Việt Nam"
ATM CTY TOP SPORT TEXTILE VN,"Lô số B171, B172, Đường N11, KCN Thành Thành Công, Khu phố An Hội, Phường An Hòa, Thị xã Trảng Bàng, Tỉnh Tây Ninh, Việt Nam"
ATM PGD An Khê,"Số 1063 Quang Trung, Phường An Phú, Thị xã An Khê, Tỉnh Gia Lai"
KCN BECAMEX,"Khu công nghiệp Becamex, Khu phố 3, Phường Minh Thành, Thị xã Chơn Thành, Tỉnh Bình Phước, Việt Nam"
ATM PGD TRẢNG BÀNG,"22 Quốc lộ 22, tổ 1, Khu Phố Gia Huỳnh, Phường Trảng Bàng, Thị xã Trảng Bàng , Tỉnh Tây Ninh, Việt Nam"
ATM PGD BỒNG SƠN,"221-223 Quang Trung, thị trấn Bồng Sơn, huyện Hoài Nhơn, tỉnh Bình Định, Việt Nam"
ATM PGD SA ĐÉC,"A08-10 Đường Hùng Vương, Khóm 1, Phường 2, Thành phố Sa Đéc, tỉnh Đồng Tháp, Việt Nam"
ATM CTY TNHH VẬT LIỆU MỸ THUẬT PHƯỢNG HOÀNG VN,"Lô 107-108 KCX Linh Trung 3, Phường An Tịnh, Thị xã Trảng Bàng, Tỉnh Tây Ninh, Việt Nam"
ATM PGD Ô MÔN,"1147/6 Tôn Đức Thắng, khu vực 4, Phường Châu Văn Liêm, Quận Ô Môn, Thành phố Cần Thơ, Việt Nam"
ATM CTY VINATEX - NHÀ MÁY KIÊN GIANG,"Ngã 3 Lộ Quẹo, ấp An Hòa, xã Định An, huyện Gò Quao, Tỉnh Kiên Giang, Việt Nam"
ATM PGD Bàu Bàng,"Khu đô thị Bàu Bàng, D1-5A, Ấp Đồng Sổ, Xã Lai Uyên, Huyện Bàu Bàng, tỉnh Bình Dương, Việt Nam"
ATM CN Bình Phước,"672 Quốc lộ 14, Phường Tân Phú, Thành phố Đồng Xoài, Tỉnh Bình Phước, Việt Nam"
ATM PGD ĐĂK MIL,"16 Trần Hưng Đạo, tt. Đắk Mil, Đắk Mil, Đắk Nông, Việt Nam"
ATM PGD TUY ĐỨC,"Thôn 2, Đắk Búk So, Huyện Tuy Đức, Tỉnh Đắk Nông, Việt Nam"
ATM PGD Bến Cát,"Lô C, Ô số 1, KDC Mỹ Phước 4 - Khu A, phường Mỹ Phước, thị xã Bến Cát, tỉnh Bình Dương, Việt Nam"
ATM GRAND ART,"Đường D 17, KCN Mỹ Phước 1, Thị xã Bến Cát, Tỉnh Bình Dương, Việt Nam"
ATM CTY JIA ZHI 2,"Tòa nhà điều hành Cụm Công Nghiệp - Tiểu Thủ Công Nghiệp Phường 7, Thành phố Vị Thanh, tỉnh Hậu Giang, Việt Nam"
ATM CTY AGRIS GIA LAI,"561 Trần Hưng Đạo, Phường Cheo Reo, Thị Xã Ayun Pa, Tỉnh Gia Lai, Việt Nam"
ATM CN HẬU GIANG,"100-100A-100B Nguyễn Thái Học, Phường 1, Thành phố Vị Thanh, tỉnh Hậu Giang, Việt Nam"
ATM HAKSAN,"Ấp 3, Xã Tân Định, Thị xã Bến Cát, Tỉnh Bình Dương, Việt Nam"
ATM PGD BÙ ĐĂNG,"281 Quốc lộ 14, thị trấn Đức Phong, huyện Bù Đăng, tỉnh Bình Phước, Việt Nam"
ATM PGD CỦ CHI,"35-37 Tỉnh lộ 8, Khu phố 1, thị trấn Củ Chi, huyện Củ Chi, Thành phố Hồ Chí Minh, Việt Nam"
ATM CN Cần Thơ,"100 Đường Mậu Thân, phường An Hòa, quận Ninh Kiều, thành phố Cần Thơ, Việt Nam"
ATM Đại Học Cần Thơ,"Khu II Trường DH Cần Thơ, Đường 3/2, Phường Xuân Khánh, Quận Ninh Kiều, Thành phố Cần Thơ, Việt Nam"
ATM KCN Mỹ Phước,"Đường D17, KCN Mỹ Phước 1, TX. Bến Cát, Bình Dương"
ATM TRUNG TÂM Y TẾ HUYỆN THỚI BÌNH,"Khóm 1, Thị Trấn Thới Bình, Huyện Thới Bình, Tỉnh Cà Mau, Việt Nam"
ATM PGD Ninh Kiều,"81A -81B – 83 Đường Nguyễn Trãi, Phường Tân An, Quận Ninh Kiều, Thành Phố Cần Thơ"
ATM PGD BÌNH MINH,"75 Nguyễn Văn Thảnh, Khóm 2, Phường Cái Vồn, Thị xã Bình Minh, tỉnh Vĩnh Long, Việt Nam"
ATM PGD CAI LẬY,"2-8 Đặng Văn Thạnh, Khu phố 1, Phường 1, Thị xã Cai Lậy, Tỉnh Tiền Giang, Việt Nam"
ATM CN Vĩnh Long,"138 Phạm Thái Bường, Phường 4, Thành Phố Vĩnh Long, Tỉnh Vĩnh Long, Việt Nam"
ATM CTY TNHH GIÀY CHING LUH VIỆT NAM,"Lô II-8, II-9, KCN Hoà Phú, Ấp Thành Hưng, Xã Hoà Phú, Huyện Long Hồ, Tỉnh Vĩnh Long, Việt Nam"
ATM PGD TÂY SƠN,"2B Nguyễn Huệ, Thị trấn Phú Phong, Huyện Tây Sơn, Tỉnh Bình Định, Việt Nam"
ATM CTY LELON 04,"cụm công nghiệp Đức Mỹ, xã Đức Hòa Đông, Huyện Đức Hòa, Tỉnh Long An, Việt Nam"
ATM CTY LELON 05,"cụm công nghiệp Đức Mỹ, xã Đức Hòa Đông, Huyện Đức Hòa, Tỉnh Long An, Việt Nam"
ATM CTY KUNGTAY,"Cụm công nghiệp Đức Mỹ, Xã Đức Hòa Đông, Huyện Đức Hòa, Tỉnh Long An, Việt Nam"
ATM CN Bình Dương,"558 Đại Lộ Bình Dương, Phường Hiệp Thành, Thành phố Thủ Dầu Một, Tỉnh Bình Dương, Việt Nam"
ATM PGD Thủ Dầu Một,"Ô 31-32, block f, lô c4, khu nhà ở c2, c4 khu đô thị mới, Đường Đồng Khởi, Phường Hòa Phú, Thành phố Thủ Dầu Một, Tỉnh Bình Dương, Việt Nam"
ATM CÔNG TY MINH HƯNG TIỀN GIANG,"Ấp kinh 2a, Xã Phước Lập, Huyện Tân Phước, Tỉnh Tiền Giang, Việt Nam"
ATM BỆNH VIỆN ĐA KHOA TRẦN VĂN THỜI,"Đường 19/5, Khóm 7, Thị Trấn Trần Văn Thời, Tỉnh Cà Mau, Việt Nam"
ATM SƠN CÔNG NGHIỆP THÁI DƯƠNG - 01,"Lô A10 & A11 Đường N5, Khu công nghiệp nam Tân Uyên mở rộng, Phường Hội Nghĩa, Thành phố Tân Uyên, Tỉnh Bình Dương"
ATM SƠN CÔNG NGHIỆP THÁI DƯƠNG - 02,"Lô A10 & A11 Đường N5, Khu công nghiệp nam Tân Uyên mở rộng, Phường Hội Nghĩa, Thành phố Tân Uyên, Tỉnh Bình Dương"
ATM PGD Hóc Môn,"98/3 Bà Triệu, Thị trấn Hóc Môn, Huyện Hóc Môn, Thành Phố Hồ Chí Minh"
ATM CN TÂN UYÊN,"Khu nhà ở Thương mại Hoàng Mai, Phường Uyên Hưng, Thành phố Tân Uyên, tỉnh Bình Dương, Việt Nam"
ATM CN Đắk Lắk,"10 Đường Trần Hưng Đạo, phường Thắng Lợi, Thành phố Buôn Ma Thuột, tỉnh Đắk Lắk, Việt Nam"
ATM PGD KIẾN ĐỨC,"03 Đường Nguyễn Tất Thành, thị trấn Kiến Đức, huyện Đắk R'Lấp, Tỉnh Đắk Nông, Việt Nam"
ATM PGD KRÔNG BÚK,"Quốc lộ 14, Tân Lập 3, Xã Pơng Drang, huyện Krông Búk, tỉnh Đăk Lăk, Việt Nam"
ATM PGD Nguyễn Ảnh Thủ,"2C Nguyễn Ảnh Thủ, Phường Trung Mỹ Tây, Quận 12, Thành Phố Hồ Chí Minh, Việt Nam"
ATM CTY MAY PHÙ CÁT,"Thôn Phú Kim, Xã Cát Trinh, Huyện Phù Cát, Tỉnh Bình Định, Việt Nam"
ATM Tô Ký,"557 Ðường Tô Ký, Phường Trung Mỹ Tây, Quận12, TP.HCM"
ATM CÔNG TY TNHH MAY MẶC THỜI TRANG RENAISSANCE,"Lô 97a, Kcn Long Giang, Xã Tân Lập 1, Huyện Tân Phước, Tỉnh Tiền Giang, Việt Nam"
ATM CN Cà Mau,"138A - 138B Ngô Quyền, Phường 9, Thành phố Cà Mau, Tỉnh Cà Mau, Việt Nam"
ATM PGD HIỆP THÀNH,"184 Đường Nguyễn Ảnh Thủ, phường Hiệp Thành, Quận 12, Thành phố Hồ Chí Minh, Việt Nam"
ATM PGD Nguyễn Văn Quá,"Số 410A đường Nguyễn Văn Quá, phường Đông Hưng Thuận, quận 12, TP.HCM"
ATM PGD Gò Vấp,"871 Quang Trung, Phường 12, Quận Gò Vấp, Thành Phố Hồ Chí Minh, Việt Nam"
ATM PGD TẮC VÂN,"666 Quốc lộ 1A, xã Tắc Vân, Thành phố Cà Mau, tỉnh Cà Mau, Việt Nam"
ATM PGD LÁI THIÊU,"66 Nguyễn Văn Tiết, Khu Phố Đông Tư, phường Lái Thiêu, Thành phố Thuận An, tỉnh Bình Dương, Việt Nam"
ATM CTY LELON 01,"40 Bà Chánh Thâu, Khu Phố 2, Thị trấn Bến Lức, Huyện Bến Lức, Tỉnh Long An, Việt Nam"
ATM PGD Lê Trọng Tấn,"445-445A Lê Trọng Tấn, P. Sơn Kỳ, Quận Tân Phú, Thành Phố Hồ Chí Minh, Việt Nam"
ATM CTY Việt Cường,"Ấp 1, Xã Nhựt Chánh, Huyện Bến Lức, Tỉnh Long An, Việt Nam"
ATM CN Long An 1,"112-114-116 Nguyễn Văn Tiếp, khu phố 3, thị trấn Bến Lức, huyện Bến Lức, tỉnh Long An, Việt Nam"
ATM CN Long An 2,"112-114-116 Nguyễn Văn Tiếp, khu phố 3, thị trấn Bến Lức, huyện Bến Lức, tỉnh Long An, Việt Nam"
ATM PGD THUẬN AN,"Đường tỉnh 743, Khu phố 1B, Phường An Phú, Thành phố Thuận An, Tỉnh Bình Dương, Việt Nam"
ATM PGD NGUYỄN SƠN,"238 Nguyễn Sơn, Phường Phú Thọ Hòa, Quận Tân Phú, Thành Phố Hồ Chí Minh, Việt Nam"
ATM CTY CHINGLUH 01,"Khu công nghiệp Thuận Đạo, Thị trấn Bến Lức, Tỉnh Long An, Việt Nam"
ATM CTY CHINGLUH 02,"Khu công nghiệp Thuận Đạo, Thị trấn Bến Lức, Tỉnh Long An, Việt Nam"
ATM CTY CHINGLUH 03,"Khu công nghiệp Thuận Đạo, Thị trấn Bến Lức, Tỉnh Long An, Việt Nam"
ATM CTY CHINGLUH 04,"Khu công nghiệp Thuận Đạo, Thị trấn Bến Lức, Tỉnh Long An, Việt Nam"
ATM CTY CHINGLUH 05,"Khu công nghiệp Thuận Đạo, Thị trấn Bến Lức, Tỉnh Long An, Việt Nam"
ATM CTY CHINGLUH 06,"Khu công nghiệp Thuận Đạo, Thị trấn Bến Lức, Tỉnh Long An, Việt Nam"
ATM CTY CHINGLUH 07,"Khu công nghiệp Thuận Đạo, Thị trấn Bến Lức, Tỉnh Long An, Việt Nam"
ATM CTY CHINGLUH 08,"Khu công nghiệp Thuận Đạo, Thị trấn Bến Lức, Tỉnh Long An, Việt Nam"
ATM CTY CHINGLUH 09,"Khu công nghiệp Thuận Đạo, Thị trấn Bến Lức, Tỉnh Long An, Việt Nam"
ATM PGD Nguyễn Oanh,"255a26 Khu dân cư CITYLAND PARK HILLS Nguyễn Văn Lượng, phường 10, quận Gò Vấp, Thành phố Hồ Chí Minh, Việt Nam"
ATM TRƯỜNG ĐẠI HỌC NGUYỄN TẤT THÀNH,"331 QL1A, Phường An Phú Đông, Quận 12, Thành phố Hồ Chí Minh, Việt Nam"
ATM PGD TAM BÌNH,"24 Phan Văn Đáng, khóm 1, thị trấn Tam Bình, huyện Tam Bình, tỉnh Vĩnh Long, Việt Nam"
ATM PGD Thạnh Phú,"459A tỉnh lộ 768, ấp 1 xã Thạnh Phú, Huyện Vĩnh Cửu, Tỉnh Đồng Nai , Việt Nam"
ATM PGD Đầm Sen,"173 Hoà Bình, Phường Hiệp Tân, Quận Tân Phú, Thành Phố Hồ Chí Minh, Việt Nam"
ATM CN Cộng Hòa,"Tòa nhà REPUBLIC PLAZA - 18E Cộng Hoà, Phường 04, Quận Tân Bình, Thành Phố Hồ Chí Minh, Việt Nam"
ATM PHÒNG VÉ VJA TTTM MENAS,"60A Trường Sơn, quận Tân Bình, Thành phố Hồ Chí Minh, Việt Nam"
ATM TTTM MENAS MALL - VJ PLAZA,"60A Trường Sơn, quận Tân Bình, Thành phố Hồ Chí Minh, Việt Nam"
ATM PGD Bửu Long,"3/6c Huỳnh Văn Nghệ, Phường Bửu Long, Thành phố Biên Hòa, Đồng Nai, Việt Nam"
ATM PGD TÂY SÀI GÒN,"258 Đường Vành Đai Trong, phường Bình Trị Đông B, quận Bình Tân, Thành phố Hồ Chí Minh, Việt Nam"
ATM PGD Âu Cơ,"516 Âu Cơ, Phường 10, Quận Tân Bình, Thành Phố Hồ Chí Minh, Việt Nam"
ATM PGD NAM PHƯỚC LONG,"233a, Ấp Long Thành, Thị Trấn Phước Long, Huyện Phước Long, Tỉnh Bạc Liêu, Việt Nam"
ATM PGD Thạnh Phú,"459A tỉnh lộ 768, ấp 1 xã Thạnh Phú, Huyện Vĩnh Cửu, Tỉnh Đồng Nai , Việt Nam"
ATM PGD Thái Sơn,"222 Nguyễn Thái Sơn, Phường 4, Quận Gò Vấp, Thành Phố Hồ Chí Minh, Việt Nam"
ATM CN Lãnh Binh Thăng,"449-451 Lý Thường Kiệt, phường 8, Quận Tân Bình, Thành Phố Hồ Chí Minh, Việt Nam"
ATM PGD Lạc Long Quân,"593 Bình Thới, Phường 10, Quận 11, Thành Phố Hồ Chí Minh, Việt Nam"
ATM BỆNH VIỆN ĐA KHOA CÁI NƯỚC,"Khóm 2, Thị Trấn Cái Nước, Huyện Cái Nước, Tỉnh Cà Mau, Việt Nam"
ATM PGD NGÃ BẢY,"61 Nguyễn Thị Minh Khai, Kv 3, Thành Phố Ngã Bảy, Tỉnh Hậu Giang, Việt Nam"
ATM PGD Lê Văn Sỹ,"185 B-C Đường Lê Văn Sỹ, phường 13, quận Phú Nhuận, Thành phố Hồ Chí Minh, Việt Nam"
ATM Bệnh Viện Bưu Điện,"Lô B9 Thành Thái, Phường 15, Quận 10, Thành Phố Hồ Chí Minh, Việt Nam"
ATM PGD Lê Quang Định,"472 Đường Lê Quang Định, Phường 11, Quận Bình Thạnh, Thành Phố Hồ Chí Minh, Việt Nam"
ATM PGD Dĩ An,"90 đường Dĩ An-Truông Tre, Khu Phố Bình Minh 2, Phường Dĩ An, Thành phố Dĩ An, Tỉnh Bình Dương, Việt Nam"
ATM CN Phú Nhuận,"174 Phan Đăng Lưu, Phường 3, Quận Phú Nhuận, Thành Phố Hồ Chí Minh, Việt Nam"
ATM PGD CƯ KUIN,"Thôn 2, Xã Ea Ktur, Huyện Cư Kuin, Tỉnh Đắk Lắk, Việt Nam"
ATM PGD CHỢ LỚN,"454-456 Đường Hồng Bàng, phường 16, Quận 11, Thành phố Hồ Chí Minh, Việt Nam"
ATM PGD Minh Phụng,"169-171 Minh Phụng, Phường 9, Quận 6, Thành Phố Hồ Chí Minh, Việt Nam"
ATM CN TP.HCM,"Tòa nhà K&K, 159 A-B Lê Đại Hành, Phường 13, Quận 11, Thành Phố Hồ Chí Minh, Việt Nam"
ATM PGD Hòa Hưng,"459 Sư Vạn Hạnh, Phường 12, Quận 10, Thành Phố Hồ Chí Minh, Việt Nam"
ATM CN SGD Đồng Nai,"294-296, Khu phố 1, Cách Mạng Tháng 8, Phường Quyết Thắng, Thành phố Biên Hòa, Tỉnh Đồng Nai, Việt Nam"
ATM SaiGonRes Plaza,"79-81 đường Nguyễn Xí, Phường 26, Quận Bình Thạnh, Thành Phố Hồ Chí Minh, Việt Nam"
ATM PGD Bình Điền,"Sảnh văn phòng chợ Bình Điền, Đại lộ Nguyễn Văn Linh, Khu Phố 6, Phường 7, Quận 8, Thành Phố Hồ Chí Minh, Việt Nam"
ATM POUCHEN 03,"Nguyễn Ái Quốc, Xã Hoà An, Thành phố Biên Hòa, Tỉnh Đồng Nai, Việt Nam"
ATM POUCHEN 05,"Nguyễn Ái Quốc, Xã Hoà An, Thành phố Biên Hòa, Tỉnh Đồng Nai, Việt Nam"
ATM PGD Thanh Bình,"L1-3, L1-4 KDC Phú Gia, đường Nguyễn Khuyến, Khu phố 5, Phường Trảng Dài, Thành Phố Biên Hòa, Tỉnh Đồng Nai, Việt Nam"
ATM POUCHEN 04,"Nguyễn Ái Quốc, Xã Hoà An, Thành phố Biên Hòa, Tỉnh Đồng Nai, Việt Nam"
ATM POUCHEN 06,"Nguyễn Ái Quốc, Xã Hoà An, Thành phố Biên Hòa, Tỉnh Đồng Nai, Việt Nam"
ATM CN ĐĂK NÔNG,"354 Tôn Đức Thắng, Phường Nghĩa Thành, Thành phố Gia Nghĩa, Tỉnh Đắk Nông, Việt Nam"
ATM PGD Nam Kỳ Khởi Nghĩa,"215 Nam Kỳ Khởi Nghĩa, Phường Võ Thị Sáu, Quận 3, Thành phố Hồ Chí Minh, Việt Nam"
ATM GiGa Mall,"240-242, Phạm Văn Đồng, Phường Bình Chánh, Thành phố Thủ Đức, Thành Phố Hồ Chí Minh, Việt Nam"
ATM BỆNH VIỆN QUẬN BÌNH THẠNH,"132 Lê Văn Duyệt, Phường 1, Quận Bình Thạnh, Thành phố Hồ Chí Minh, Việt Nam"
ATM PGD Linh Đông,"226 Tô Ngọc Vân, Phường Linh Đông, Thành phố Thủ Đức, Thành Phố Hồ Chí Minh, Việt Nam"
ATM PGD Tân Phong,"348C Nguyễn Ái Quốc, phường Tân Tiến, Thành Phố Biên Hòa, Tỉnh Đồng Nai"
ATM PGD Ngô Gia Tự,"372-374 Ngô Gia Tự, phường 3, Quận 10, Thành phố Hồ Chí Minh, Việt Nam"
ATM Hội Sở,"25 Bis Nguyễn Thị Minh Khai, Quận 1, Thành Phố Hồ Chí Minh, Việt Nam"
ATM PGD Duy Tân,"69 Phạm Ngọc Thạch, Phường Võ Thị Sáu, Quận 3, Thành phố Hồ Chí Minh, Việt Nam"
ATM CN Hàng Xanh,"341 - 343, Điện Biên Phủ, Phường 15, Quận Bình Thạnh, Thành Phố Hồ Chí Minh, Việt Nam"
ATM PGD THANH ĐA,"667 Xô Viết Nghệ Tĩnh, Phường 26, Quận Bình Thạnh, Thành phố Hồ Chí Minh, Việt Nam"
ATM PGD AN NHƠN,"146-148 Ngô Gia Tự, phường Bình Định, Thị xã An Nhơn, tỉnh Bình Định, Việt Nam"
ATM CN Đồng Nai,"208D Phạm Văn Thuận, Phường Thống Nhất, Thành Phố Biên Hòa, Tỉnh Đồng Nai, Việt Nam"
ATM PGD Bình An,"Khu phố Nội Hóa 2, Phường Bình An, Thành phố Dĩ An, Tỉnh Bình Dương, Việt Nam"
ATM CN Nguyễn Đình Chiểu,"Số 58 Nguyễn Đình Chiểu, P. Đa Kao, Quận 1, Thành Phố Hồ Chí Minh, Việt Nam"
ATM CTY CP COLUSA MILIKET,"1230 Kha Vạn Cân, Phường Linh Trung, Thành phố Thủ Đức, Thành phố Hồ Chí Minh, Việt Nam"
ATM CN Vạn Hạnh,"374-374B Võ Văn Tần, Phường 5, Quận 3, Thành Phố Hồ Chí Minh, Việt Nam"
ATM CN Gia Định,"1119 Trần hưng Đạo, Phường 5, Quận 5, Thành Phố Hồ Chí Minh, Việt Nam"
ATM PGD Nam Sài Gòn,"930a-930b Tạ Quang Bửu, Phường 5, Quận 8, Thành phố Hồ Chí Minh, Việt Nam"
ATM PHÒNG VÉ VJA CÔNG TRƯỜNG QUỐC TẾ,"8 Bis Công Trường Quốc Tế, Phường Võ Thị Sáu, Quận 3, Thành phố Hồ Chí Minh, Việt Nam"
ATM ĐH Hutech,"475a Đường Điện Biên Phủ, Phường 25, quận Bình Thạnh, Thành phố Hồ Chí Minh, Việt Nam"
ATM PGD Bình Thạnh,"132-134 Nguyễn Gia Trí, Phường 25, Bình Thạnh, Thành phố Hồ Chí Minh, Việt Nam"
ATM CN Nguyễn Trãi,"207-209 Nguyễn Trãi, Phường 2, Quận 5, Thành Phố Hồ Chí Minh, Việt Nam"
ATM PGD Tân Hiệp,"433-435 Đồng Khởi, Khu phố 6, Phường Tân Tiến, Thành phố Biên Hòa, Tỉnh Đồng Nai, Việt Nam"
ATM PGD Nguyễn Văn Cừ,"118-120, Đường Nguyễn Văn Cừ, Phường Nguyễn Cư Trinh, Quận 1, Thành Phố Hồ Chí Minh, Việt Nam"
ATM PGD Tân Mai,"1013 Phạm Văn Thuận, Khu Phố 3, Phường Tân Mai, Thành phố Biên Hòa, Đồng Nai, Việt Nam"
ATM PGD Bình Thọ,"Lô LK1-4 Dự án Moonlight Residences 102 Đặng Văn Bi, phường Bình Thọ, Thành phố Thủ Đức, thành phố Hồ Chí Minh, Việt Nam"
ATM CN Sài Gòn,"22-24-26 Pasteur, Phường Nguyễn Thái Bình, Quận 1, Thành Phố Hồ Chí Minh, Việt Nam"
ATM PGD Thảo Điền,"1 Đường số 49B, Thảo Điền, Thành phố Thủ Đức, Thành phố Hồ Chí Minh, Việt Nam"
ATM CN Tiền Giang,"260-262 Ấp Bắc, Phường 5, Thành phố Mỹ Tho, tỉnh Tiền Giang, Việt Nam"
ATM PGD Khánh Hội,"173 Đường Khánh Hội, phường 3, Quận 4, Thành Phố Hồ Chí Minh, Việt Nam"
ATM PGD Đông Sài Gòn,"280 Trần Não, Phường An Khánh, Thành phố Thủ Đức, Thành phố Hồ Chí Minh, Việt Nam"
ATM TRUNG TÂM ĐÀO TẠO NGUỒN NHÂN LỰC CHẤT LƯỢNG CAO (HUTECH),"Khu Công nghệ cao, Phường Hiệp Phú, Thành phố Thủ Đức, Thành phố Hồ Chí Minh, Việt Nam"
ATM PGD Tân Biên,"388, Khu Phố 9, Đường Nguyễn Ái Quốc, Phường Hố Nai, Thành phố Biên Hòa, Tỉnh Đồng Nai, Việt Nam"
ATM POUCHEN 01,"Nguyễn Ái Quốc, Xã Hoà An, Thành phố Biên Hòa, Tỉnh Đồng Nai, Việt Nam"
ATM POUCHEN 02,"Nguyễn Ái Quốc, Xã Hoà An, Thành phố Biên Hòa, Tỉnh Đồng Nai, Việt Nam"
ATM PGD Quang Vinh,"19/1 Bùi Hữu Nghĩa, ấp Đồng Nai, xã Hóa An, Thành phố Biên Hòa, Tỉnh Đồng Nai, Việt Nam"
ATM PGD KCN AMATA,"50-52 Ðồng Khởi, KP.4, P. Tân Hiệp, Thành Phố Biên Hòa, Tỉnh Đồng Nai, Việt Nam"
ATM PGD TP Thủ Đức,"199 Lê Văn Việt, Phường Hiệp Phú, Thành phố Thủ Đức, Thành Phố Hồ Chí Minh, Việt Nam"
ATM PGD Tam Hiệp,"151/2 Phạm Văn Thuận, Khu Phố 4, phường Tam Hiệp, thành phố Biên Hòa, tỉnh Đồng Nai, Việt Nam"
ATM PGD Hố Nai,"A3-A8, quốc lộ 1A, khu phố 5B, phường Tân Biên, Thành phố Biên Hòa, Tỉnh Đồng Nai, Việt Nam"
ATM TÒA NHÀ G.I.H,"Lô T2-1.5, Đường D1, Khu công nghệ cao, Phường Tân Phú và Phường Tăng Nhơn Phú A, TP Thủ Đức, TP Hồ Chí Minh"
ATM PGD Phú Mỹ Hưng,"1485 Nguyễn Văn Linh, Khu Phố Mỹ Toàn 1, Phường Tân Phong, Quận 7, Thành Phố Hồ Chí Minh, Việt Nam"
ATM PGD Tân Hòa,"58/1 - 60/1 Quốc lộ 1A, khu phố 2, phường Tân Hòa, Thành phố Biên Hòa, Tỉnh Đồng Nai, Việt Nam"
ATM PGD Phước Long,"274 - 276 Đỗ Xuân Hợp, Phường Phước Long A, Thành phố Thủ Đức, Thành phố Hồ Chí Minh, Việt Nam"
ATM BỆNH VIỆN SHINGMARK,"Phường Long Bình Tân, Thành phố Biên Hòa, Tỉnh Đồng Nai, Việt Nam"
ATM PGD Nguyễn Duy Trinh,"201 Nguyễn Duy Trinh, Phường Bình Trưng Tây, Thành phố Thủ Đức, Thành Phố Hồ Chí Minh, Việt Nam"
ATM PGD Huỳnh Tấn Phát,"705 Huỳnh Tấn Phát, P. Phú Thuận, Quận 7, Thành Phố Hồ Chí Minh, Việt Nam"
ATM PGD NGUYỄN HỮU THỌ,"43-45 Khu dân cư Phú Long, Phân khu số 5, Nguyễn Hữu Thọ, Xã Phước Kiển, Huyện Nhà Bè, Thành phố Hồ Chí Minh, Việt Nam"
ATM CTY TNHH LIÊN DOANH HOA VIỆT,"Số 18, Đường 2, Giãn Dân, Phường Long Thạnh Mỹ, Thành Phố Thủ Đức, Thành Phố Hồ Chí Minh, Việt Nam"
ATM PGD MỎ CÀY BẮC,"67 Tỉnh lộ 882, Khu phố Phước Hậu, Thị trấn Phước Mỹ Trung, Huyện Mỏ Cày Bắc, Tỉnh Bến Tre, Việt Nam"
ATM PGD VŨNG LIÊM,"160n Nam Kỳ Khởi Nghĩa, Khóm 2, thị trấn Vũng Liêm, huyện Vũng Liêm, tỉnh Vĩnh Long, Việt Nam"
ATM KCN KIZUNA 1,"kcn Kizuna 1, lô k, kcn Tân Kim, Xã Tân Kim, Huyện Cần Giuộc, Tỉnh Long An, Việt Nam"
ATM PGD Vĩnh An,"Khu phố 5, thị trấn Vĩnh An, huyện Vĩnh Cửu, Tỉnh Đồng Nai, Việt Nam"
ATM PGD Long Bình,"351 Quốc lộ 51, khu phố 1, phường Long Bình Tân, Thành phố Biên Hòa, Tỉnh Đồng Nai, Việt Nam"
ATM CTY FULUH (2/2),"Xã Tân Kim, Huyện Cần Giuộc, Tỉnh Long An, Việt Nam"
ATM CTY FULUH (1/3),"Xã Tân Kim, Huyện Cần Giuộc, Tỉnh Long An, Việt Nam"
ATM CTY FULUH (2/3),"Xã Tân Kim, Huyện Cần Giuộc, Tỉnh Long An, Việt Nam"
ATM PGD Hố Nai 3,"Ấp Thanh Hóa, quốc lộ 1A, xã Hố Nai 3, Huyện Trảng Bom, Tỉnh Đồng Nai, Việt Nam"
ATM PGD NĂM CĂN,"221 Hùng Vương, Khóm 7, thị trấn Năm Căn, huyện Năm Căn, tỉnh Cà Mau, Việt Nam"
ATM PGD GIÁ RAI,"122 Quốc lộ 1A, Phường Hộ Phòng, Thị xã Giá Rai, Tỉnh Bạc Liêu, Việt Nam"
ATM CTY FULUH (3/3),"Xã Tân Kim, Huyện Cần Giuộc, Tỉnh Long An, Việt Nam"
ATM CTY FULUH (1/2),"Xã Tân Kim, Huyện Cần Giuộc, Tỉnh Long An, Việt Nam"
ATM CTY Tân Phước,"Lô 25,Trung Tâm, KCN Phú Tài, P. Trần Quang Diệu, TP. Quy Nhơn, Tỉnh Bình Định, Việt Nam"
ATM CTY Tiến Đạt,"Quốc lộ 1A, Khu vực 7, Phường Bùi Thị Xuân, Thành phố Quy Nhơn, Tỉnh Bình Định, Việt Nam"
ATM CTY VIỆT VƯƠNG 3,"Ấp Tân Long II, CCN Tân Thành Bình, Tân Thành Bình, Huyện Mỏ Cày Bắc, Tỉnh Bến Tre, Việt Nam"
ATM CN Bến Tre,"72b1 Đồng Khởi, phường Phú Khương, Thành phố Bến Tre, tỉnh Bến Tre, Việt Nam"
ATM CN ĐÔNG ĐĂK LĂK,"22 Quang Trung, Thị Trấn Ea Kar, Huyện Ea Kar, Tỉnh Đăk Lăk, Việt Nam"
ATM PGD Long Hậu,"MB101 Trung tâm dịch vụ khu công nghiệp Long Hậu, Xã Long Hậu, Huyện Cần Giuộc, Tỉnh Long An, Việt Nam"
ATM CTY FULUH 04,"Xã Tân Kim, Huyện Cần Giuộc, Tỉnh Long An, Việt Nam"
ATM CTY FULUH 05,"Xã Tân Kim, Huyện Cần Giuộc, Tỉnh Long An, Việt Nam"
ATM CTY FULUH 06,"Xã Tân Kim, Huyện Cần Giuộc, Tỉnh Long An, Việt Nam"
ATM PGD Tam Phước,"256A Long Đức 1, Xã Tam Phước, Huyện Long Thành, Tỉnh Đồng Nai, Việt Nam"
ATM PGD Trảng Bom 01,"B4-B5 Khu nhà ở Bắc, Quốc lộ 1A, Thị trấn Trảng Bom, Huyện Trảng Bom, Tỉnh Đồng Nai, Việt Nam"
ATM POUSUNG 02,"KCN Bàu Xéo, Huyện Trảng Bom, Tỉnh Đồng Nai, Việt Nam"
ATM POUSUNG 03,"KCN Bàu Xéo, Huyện Trảng Bom, Tỉnh Đồng Nai, Việt Nam"
ATM POUSUNG 04,"KCN Bàu Xéo, Huyện Trảng Bom, Tỉnh Đồng Nai, Việt Nam"
ATM POUSUNG 05,"KCN Bàu Xéo, Huyện Trảng Bom, Tỉnh Đồng Nai, Việt Nam"
ATM POUSUNG 12,"KCN Bàu Xéo, Huyện Trảng Bom, Tỉnh Đồng Nai, Việt Nam"
ATM POUSUNG 07,"KCN Bàu Xéo, Huyện Trảng Bom, Tỉnh Đồng Nai, Việt Nam"
ATM POUSUNG 08,"KCN Bàu Xéo, Huyện Trảng Bom, Tỉnh Đồng Nai, Việt Nam"
ATM POUSUNG 13,"KCN Bàu Xéo, Huyện Trảng Bom, Tỉnh Đồng Nai, Việt Nam"
ATM KDC SWANBAY 01,"Xã Đại Phước, Huyện Nhơn Trạch, Tỉnh Đồng Nai, Việt Nam"
ATM KDC SWANBAY 02,"Xã Đại Phước, Huyện Nhơn Trạch, Tỉnh Đồng Nai, Việt Nam"
ATM SHINGMARK 02,"KCN Bàu Xéo, Huyện Trảng Bom, Tỉnh Đồng Nai, Việt Nam"
ATM PGD Trảng Bom 02,"B4-B5 Khu nhà ở Bắc, Quốc lộ 1A, Thị trấn Trảng Bom, Huyện Trảng Bom, Tỉnh Đồng Nai, Việt Nam"
ATM PGD Trảng Bom,"B4-B5 Khu nhà ở Bắc, Quốc lộ 1A, Thị trấn Trảng Bom, Huyện Trảng Bom, Tỉnh Đồng Nai, Việt Nam"
ATM CTY POWERKNIT POUSUNG,"Khu công nghiệp Bàu Xéo, huyện Trảng Bom, tỉnh Đồng Nai, Việt Nam"
ATM CTY KỲ LỢI,"Khu công nghiệp Bàu Xéo, huyện Trảng Bom, tỉnh Đồng Nai, Việt Nam"
ATM CTY STAIRY,"Khu công nghiệp Bàu Xéo, huyện Trảng Bom, tỉnh Đồng Nai, Việt Nam"
ATM CTY POWERKNIT CN TRANG BOM,"Khu công nghiệp Bàu Xéo, huyện Trảng Bom, tỉnh Đồng Nai, Việt Nam"
ATM SHINGMARK 01,"KCN Bàu Xéo, Huyện Trảng Bom, Tỉnh Đồng Nai, Việt Nam"
ATM CN Bình Định,"89 - 91 Mai Xuân Thưởng, Phường Lý Thường Kiệt, Thành phố Quy Nhơn, Tỉnh Bình Định, Việt Nam"
ATM CTY Y J VINA,"ấp nghĩa Huấn, xã Mỹ Thạnh, huyện Giồng Trôm, tỉnh Bến Tre, Việt Nam"
ATM BƯU ĐIỆN NAM CÁT TIÊN,"Ấp 1, Xã Nam Cát Tiên, Huyện Tân Phú, Đồng Nai, Việt Nam"
ATM PGD ĐÔNG HÒA,"Số 12 Ấp Bàu Cá , Xã Trung Hòa, Huyện Trảng Bom, Tỉnh Đồng Nai, Việt Nam"
ATM PGD MINH DIỆU,"603 Quốc lộ 1A, thị trấn Hòa Bình, huyện Hòa Bình, tỉnh Bạc Liêu, Việt Nam"
ATM PGD Long Thành,"260 Lê Duẩn, Tổ 21 , Khu Văn Hải, Thị Trấn Long Thành, Huyện Long Thành, Tỉnh Đồng Nai, Việt Nam"
ATM CÔNG TY HWASEUNG VINA,"Khu công nghiệp Nhơn Trạch 1, xã Phú Hội, huyện Nhơn Trạch, tỉnh Đồng Nai, Việt Nam"
ATM PGD THỐNG NHẤT,"A2/063, Quốc lộ 20, ấp Bắc Sơn, xã Quang Trung, huyện Thống Nhất, tỉnh Đồng Nai, Việt Nam"
ATM PGD Nhơn Trạch,"Số 357, đường Hùng Vương, Ấp 3, xã Hiệp Phước, Huyện Nhơn Trạch, Tỉnh Đồng Nai, Việt Nam"
ATM CN Sóc Trăng,"179-179A Trần Hưng Đạo, Phường 3, Thành Phố Sóc Trăng, Tỉnh Sóc Trăng, Việt Nam"
ATM PGD BÌNH SƠN,"Đường DT 769, Ấp 8, xã Bình Sơn, huyện Long Thành, tỉnh Đồng Nai, Việt Nam"
ATM PGD Định Quán,"193 Quốc lộ 20, ấp Hiệp Quyết, Thị trấn Định Quán, Huyện Định Quán, Tỉnh Đồng Nai, Việt Nam"
ATM CN Bạc Liêu,"Số 206-208 đường Trần Phú, phường 7, TP. Bạc Liêu, tỉnh Bạc Liêu"
ATM KCN TÂN PHÚ 02,"Lô 3 KCN Tân Phú, Thị trấn Tân Phú, Huyện Tân Phú, Tỉnh Đồng Nai, Việt Nam"
ATM PGD TIỂU CẦN,"214 Đường Tránh Ql60, Khóm 2, Thị Trấn Tiểu Cần, Huyện Tiểu Cần, Trà Vinh, Việt Nam"
ATM PhòngTNMT Huyện Tân Phú,"787 Chu Văn An, khu 10, TT Tân Phú, Huyện Tân Phú, Tỉnh Đồng Nai, Việt Nam"
ATM PGD GÒ CÔNG,"124-126 Trương Định, khu phố 3, phường 2, Thành phố Gò Công, Tỉnh Tiền Giang, Việt Nam"
ATM CN TRÀ VINH,"VINCOM SHOPHOUSE, PG1 -01-02-03, Nam Kỳ Khởi Nghĩa, phường 2, Thành phố Trà Vinh, Tỉnh Trà Vinh, Việt Nam"
ATM KCN TÂN PHÚ 01,"Lô 3 KCN Tân Phú, Thị trấn Tân Phú, Huyện Tân Phú, Tỉnh Đồng Nai, Việt Nam"
ATM PGD Phương Lâm,"2117 QL20 Ấp Phương Lâm 1, Xã Phú Lâm, Huyện Tân Phú, Tỉnh Đồng Nai, Việt Nam"
ATM PGD XUÂN AN,"Khu phố 1, Hùng Vương, Phường Xuân Bình, Thành phố Long Khánh, Tỉnh Đồng Nai, Việt Nam"
ATM PGD Long Khánh (Xuân Hòa cũ),"520 Hùng Vương, P. Xuân Hòa, Thành phố Long Khánh, Tỉnh Đồng Nai, Việt Nam"
ATM PGD Phước Bình,"Tổ 5, ấp 2, Xã Phước Bình, Huyện Long Thành, Tỉnh Đồng Nai, Việt Nam"
ATM PGD SÔNG HINH,"82 Trần Hưng Đạo, Khu phố 4, thị trấn Hai Riêng, huyện Sông Hinh, tỉnh Phú Yên, Việt Nam"
ATM PGD BẢO LỘC,"40 Đường Hà Giang, Phường Lộc Sơn, Thành phố Bảo Lộc, Tỉnh Lâm Đồng, Việt Nam"
ATM PGD ĐỨC LINH,"15a Tỉnh Lộ 766, Thôn 4, Xã Đức Hạnh, Huyện Đức Linh, Tỉnh Bình Thuận, Việt Nam"
ATM CN PHÚ MỸ,"16-18 Trường Chinh , Phường Phú Mỹ, Thị Xã Phú Mỹ, Bà Rịa -Vũng Tàu, Việt Nam"
ATM PGD BA TRI,"34 Đường 19/5, Khu phố 2, Ba Tri, huyện Ba Tri, tỉnh Bến Tre, Việt Nam"
ATM PGD DUY MINH,"Trung Tâm Thương Mại Thạnh Phú, 411/1 Khu phố 1, tt. Thạnh Phú, Huyện Thạnh Phú, Tỉnh Bến Tre, Việt Nam"
ATM PGD TUY AN,"318-320 Quốc lộ 1A, thị trấn Chí Thạnh, huyện Tuy An, tỉnh Phú Yên, Việt Nam"
ATM PGD TRẦN ĐỀ,"240 nam sông hậu, Ấp Đầu Giồng, Thị trấn Trần Đề, Tỉnh Sóc Trăng, Việt Nam"
ATM PGD Gia Ray,"362 Trần Phú, KP3, TT Gia Ray, Huyện Xuân Lộc, Tỉnh Đồng Nai, Việt Nam"
ATM PGD Châu Đức,"307 Hùng Vương, Khu Phố 2, Thị Trấn Ngãi Giao, Huyện Châu Đức, Tỉnh Bà Rịa - Vũng Tàu, Việt Nam"
ATM PGD Sông Ray,"Ấp 5, xã Sông Ray, Huyện Cẩm Mỹ, Tỉnh Đồng Nai, Việt Nam"
ATM PGD Bà Rịa,"267 Cách Mạng Tháng 8, Phường Phước Hưng, Thành phố Bà Rịa, Tỉnh Bà Rịa Vũng Tàu, Việt Nam"
ATM PGD DI LINH,"749 Đường Hùng Vương, thị trấn Di Linh, huyện Di Linh, Tỉnh Lâm Đồng, Việt Nam"
ATM PGD Rạch Dừa,"213-215 Đường 30/04 Phường Nhất Thắng, Thành Phố Vũng tàu,Tỉnh Bà Rịa - Vũng Tàu, Việt Nam"
ATM CN Vũng Tàu,"63 Lê Hồng Phong, phường 7, Thành phố Vũng Tàu, tỉnh Bà Rịa - Vũng Tàu, Việt Nam"
ATM PGD LÝ THƯỜNG KIỆT,"179a-181a Nam Kỳ Khởi Nghĩa, Phường 3, Thành phố Vũng Tầu, tỉnh Bà Rịa - Vũng Tàu, Việt Nam"
ATM PGD DUYÊN HẢI,"36-38 Điện Biên Phủ, Khóm 1, Phường 1, Thị Xã Duyên Hải, Trà Vinh, Việt Nam"
ATM CN Phú Yên,"355-357 Nguyễn Huệ, Phường 5, Thành phố Tuy Hòa, tỉnh Phú Yên, Việt Nam"
ATM CN Lâm Đồng,"1/23 Trần Phú, Phường 4, Thành Phố Đà Lạt, Tỉnh Lâm Đồng, Việt Nam"
ATM PGD Phước Tĩnh,"10 Tổ 2, Ấp Phước Lâm, Xã Phước Hưng, Huyện Long Điền, Tỉnh Bà Rịa Vũng Tàu, Việt Nam"
ATM Resort Hoang Anh Đà Lạt,"Resort Hoàng Anh Đà Lạt 3 Nguyễn Du, Phường 3, Thành Phố Đà Lạt, Tỉnh Lâm Đồng, Việt Nam"
ATM PGD Đức Trọng,"546 Quốc lộ 20, tổ dân Phố 19, thị trấn Liên Nghĩa, Huyện Đức Trọng, Tỉnh Lâm Đồng, Việt Nam"
ATM PGD HÒA HIỆP,"Hòa Hiệp, Phường Hoà Hiệp Trung, Thị xã Đông Hòa, Tỉnh Phú Yên, Việt Nam"
ATM PGD HÀM THUẬN NAM,"Lập Hòa, thị trấn Thuận Nam, huyện Hàm Thuận Nam, tỉnh Bình Thuận, Việt Nam"
ATM CN Bình Thuận,"119 Trần Hưng Đạo, Phường Phú Thủy, Thành Phố Phan Thiết, Tỉnh Bình Thuận, Việt Nam"
ATM PGD NINH SƠN,"231 Lê Duẩn, thị trấn Tân Sơn, huyện Ninh Sơn, tỉnh Ninh Thuận, Việt Nam"
ATM TTTM LOTTE PHAN THIẾT,"Khu dân cư Hùng Vương 1, Phường Phú Thủy, Thành phố Phan Thiết, tỉnh Bình Thuận, Việt Nam"
ATM PGD Chợ Mới,"22 Đường 23/10, Phường Phương Sơn, Thành phố Nha Trang, Tỉnh Khánh Hòa, Việt Nam"
ATM PGD TRUNG TÂM,"100 Hoàng Văn Thụ, Phường Vạn Thắng, Thành phố Nha Trang, tỉnh Khánh Hòa, Việt Nam"
ATM CN Nha Trang,"Tòa nhà Ariyana Smart Codotel, Số 18 Trần Hưng Đạo, Phường Lộc Thọ,Thành Phố Nha Trang, Tỉnh Khánh Hòa, Việt Nam"
ATM CN NHA TRANG 02,"Tòa Nhà Ariyana Smart Codotel, Số 18 Trần Hưng Đạo, Phường Lộc Thọ,Thành Phố Nha Trang, Tỉnh Khánh Hòa, Việt Nam"
ATM PGD CAM RANH,"109 Đại lộ Hùng Vương, phường Cam Lợi, Thành phố Cam Ranh, tỉnh Khánh Hòa, Việt Nam"
ATM PGD PHAN RÍ,"167 Thống Nhất, Khu phố 6, Thị trấn Phan Rí Cửa, Huyện Tuy Phong, Tỉnh Bình Thuận, Việt Nam"
ATM CTY MAY D' SAGO,"50 Ql1a, Thôn Suối Đá, Xã Lợi Hải, Huyện Thuận Bắc, Tỉnh Ninh Thuận, Việt Nam"
ATM PGD NINH HẢI,"thôn Đá Bắn, xã Hộ Hải, huyện Ninh Hải, tỉnh Ninh Thuận, Việt Nam"
ATM PGD NINH PHƯỚC,"kp4, Thị trấn Phước Dân, Huyện Ninh Phước, Tỉnh Ninh Thuận, Việt Nam"
ATM SIÊU THỊ GO! NINH THUẬN,"102-104, Ngô Gia Tự, Phường Phủ Hà, Thành Phố Phan Rang - Tháp Chàm, Tỉnh Ninh Thuận, Việt Nam"
ATM CN Ninh Thuận,"207B Ngô Gia Tự, phường Thanh Sơn, TP Phan Rang Tháp Chàm, tỉnh Ninh Thuận, Việt Nam"
