title,telephone,fax,website,address
Hội Sở,(028)62915916,(028)62915900,,"25 Bis Nguyễn Thị Minh Khai, Quận 1, Thành Phố Hồ Chí Minh, Việt Nam"
CN Sài Gòn,(028) 38 299 344,(028) 38 299 371,https://hochiminh.hdbank.com.vn/,"22-24-26 Pasteur, Phường Nguyễn Thái Bình, Quận 1, Thành Phố Hồ Chí Minh, Việt Nam"
PGD Nam Kỳ Khởi Nghĩa,(028) 39 322 736,(028) 39 322 746,https://hochiminh.hdbank.com.vn/,"215 Nam Kỳ Khởi Nghĩa, Phường 7, Quận 3, Thành Phố Hồ Chí Minh, Việt Nam"
PGD Huỳnh Tấn Phát,(028) 37 738 648,(028) 37 738 646,https://hochiminh.hdbank.com.vn/,"705 Huỳnh Tấn Phát, P. Phú Thuận, Quận 7, Thành Phố Hồ Chí Minh, Việt Nam"
PGD Phú Mỹ Hưng,(028) 541 22 733,(028) 541 22 735,https://hochiminh.hdbank.com.vn/,"1485 Nguyễn Văn Linh, Khu Phố Mỹ Toàn 1, Phường Tân Phong, Quận 7, Thành Phố Hồ Chí Minh, Việt Nam"
PGD Khánh Hội,(028) 39435 870,(028) 39435 873,https://hochiminh.hdbank.com.vn/,"173 Đường Khánh Hội, phường 3, Quận 4, Thành Phố Hồ Chí Minh, Việt Nam"
PGD Bình Điền (Công Lý cũ),(028) 38424 432,(028) 38424 432,https://hochiminh.hdbank.com.vn/,"Sảnh văn phòng chợ Bình Điền, Đại lộ Nguyễn Văn Linh, Khu Phố 6, Phường 7, Quận 8, Thành Phố Hồ Chí Minh, Việt Nam"
CN Phú Nhuận,(0283) 628 6869,(0283) 628 6869,https://hochiminh.hdbank.com.vn/,"174 Phan Đăng Lưu, Phường 3, Quận Phú Nhuận, Thành Phố Hồ Chí Minh, Việt Nam"
PGD Tân Định,(028)38209485,(028)38209480,https://hochiminh.hdbank.com.vn/,"156 đường Trần Quang Khải, Phường Tân Định, Quận 1, Thành Phố Hồ Chí Minh, Việt Nam"
PGD Lê Quang Định,(028) 35501 101,(028) 35501 104,https://hochiminh.hdbank.com.vn/,"472 Đường Lê Quang Định, Phường 11, Quận Bình Thạnh, Thành Phố Hồ Chí Minh, Việt Nam"
PGD Thanh Đa,(028) 3899 8153,,https://hochiminh.hdbank.com.vn/,"667 Xô Viết Nghệ Tĩnh, Phường 26, Quận Bình Thạnh, Thành phố Hồ Chí Minh"
CN Lãnh Binh Thăng,(028)3868 7770,(028)3868 7773,https://hochiminh.hdbank.com.vn/,"449-451 Lý Thường Kiệt, phường 8, Quận Tân Bình, Thành Phố Hồ Chí Minh, Việt Nam"
PGD Lạc Long Quân,(028)39637053,(028)39637054,https://hochiminh.hdbank.com.vn/,"593 Bình Thới, Phường 10, Quận 11, Thành Phố Hồ Chí Minh, Việt Nam"
PGD Minh Phụng,(028) 39699 880,(028) 39699 882,https://hochiminh.hdbank.com.vn/,"169-171 Minh Phụng, Phường 9, Quận 6, Thành Phố Hồ Chí Minh, Việt Nam"
PGD Hòa Hưng,(028) 3868 3230,(028) 3868 3228,https://hochiminh.hdbank.com.vn/,"459 Sư Vạn Hạnh, Phường 12, Quận 10, Thành Phố Hồ Chí Minh, Việt Nam"
CN Nguyễn Trãi,(08)38363522,(08)39234679,https://hochiminh.hdbank.com.vn/,"207-209 Nguyễn Trãi, Phường 2, Quận 5, Thành Phố Hồ Chí Minh, Việt Nam"
PGD Ngô Gia Tự,(028) 3927 3606,(028) 3927 3605,https://hochiminh.hdbank.com.vn/,"187 Ngô Gia Tự, phường 2, Quận 10, Thành phố Hồ Chí Minh, Việt Nam (Tầng 1, tầng 2, tầng 3, tầng 4)"
PGD Nam Sài Gòn,(028) 73083 338,,https://hochiminh.hdbank.com.vn/,"930A và 930B đường Tạ Quang Bửu, khu dân cư Bùi Minh Trực III, Phường 5, Quận 8, Thành phố Hồ Chí Minh."
PGD Nguyễn Văn Cừ,(028) 39 208 525,(028)39 208 524,https://hochiminh.hdbank.com.vn/,"118-120, Đường Nguyễn Văn Cừ, Phường Nguyễn Cư Trinh, Quận 1, Thành Phố Hồ Chí Minh, Việt Nam"
PGD Cây Gõ (PGD Kinh Dương Vương cũ),(028) 54 062 962,(028) 54 062 961,https://hochiminh.hdbank.com.vn/,"1172C Đường 3 tháng 2, Phường 12, Quận 11, Thành Phố Hồ Chí Minh, Việt Nam"
CN Vạn Hạnh,(028)38181222,(08)38683040,https://hochiminh.hdbank.com.vn/,"374-374B Võ Văn Tần, Phường 5, Quận 3, Thành Phố Hồ Chí Minh, Việt Nam"
PGD Tây Sài Gòn (Phú Lâm cũ),(08)37522054,(08)37520055,https://hochiminh.hdbank.com.vn/,"258 đường Vành Đai Trong, Phường Bình Trị Đông B, Quận Bình Tân, Thành Phố Hồ Chí Minh, Việt Nam"
PGD Nguyễn Hữu Thọ (Bình Hưng cũ),(028) 36 291 199,,https://hochiminh.hdbank.com.vn/,"Số 45, Khu Dân cư Phú Long, Phân Khu số 5, đường Nguyễn Hữu Thọ, xã Phước Kiển, huyện Nhà Bè, TP.HCM"
PGD Thái Sơn,(028) 39940 295,(028) 39940 296,https://hochiminh.hdbank.com.vn/,"222 Nguyễn Thái Sơn, Phường 4, Quận Gò Vấp, Thành Phố Hồ Chí Minh, Việt Nam"
PGD Lê Văn Sỹ,(028) 39918 984,(028) 39918 983,https://hochiminh.hdbank.com.vn/,"185 B-C Đường Lê Văn Sỹ, Phường 14, Quận Phú Nhuận, Thành Phố Hồ Chí Minh, Việt Nam"
CN Cộng Hòa,(028)36298899,(028)38123749,https://hochiminh.hdbank.com.vn/,"18E Cộng Hòa, Phường 04, Quận Tân Bình, Thành Phố Hồ Chí Minh, Việt Nam"
PGD Nguyễn Oanh,(08)39897270,(08)39897271,https://hochiminh.hdbank.com.vn/,"255 A26 Nguyễn Văn Lượng, Phường 10, Quận Gò Vấp, Thành Phố Hồ Chí Minh, Việt Nam"
PGD Tân Phú,(028) 38473 270,(028) 38473 271,https://hochiminh.hdbank.com.vn/,"21A Gò Dầu, Phường Tân Quý, Quận Tân Phú , Thành Phố Hồ Chí Minh, Việt Nam"
PGD Âu Cơ,(0283) 975 3565,(0283) 975 3565,https://hochiminh.hdbank.com.vn/,"516 Âu Cơ, Phường 10, Quận Tân Bình, Thành Phố Hồ Chí Minh, Việt Nam"
PGD Duy Tân,(028)38202850,(028)38202845,https://hochiminh.hdbank.com.vn/,"69 Phạm Ngọc Thạch, Phường 6, Quận 3, Thành Phố Hồ Chí Minh, Việt Nam"
PGD Nguyễn Văn Quá (Trường Chinh cũ),(028) 35 921 838,(028) 35921 839,https://hochiminh.hdbank.com.vn/,"Số 410A đường Nguyễn Văn Quá, phường Đông Hưng Thuận, quận 12, TP.HCM"
CN TP.Hồ Chí Minh,(028) 39626 779,(028) 39753 641,https://hochiminh.hdbank.com.vn/,"159 A-B Lê Đại Hành, Phường 13, Quận 11, Thành Phố Hồ Chí Minh, Việt Nam"
PGD Phan Văn Trị (Phú Thọ cũ),(028) 3985 6779,(028) 3985 6780,https://hochiminh.hdbank.com.vn/,"Số 561 Phan Văn Trị, phường 5, quận Gò Vấp, Thành Phố Hồ Chí Minh, Việt Nam"
PGD Nguyễn Ảnh Thủ,(0283) 718 6348,(028) 37186 350,https://hochiminh.hdbank.com.vn/,"2C, 12C, 14C, 1515A Nguyễn Ảnh Thủ, Khu Phố 3, Phường. Trung Mỹ Tây, Quận 12, Thành Phố Hồ Chí Minh, Việt Nam"
PGD Nguyễn Sơn,(028) 39721 950,(028) 39721 949,https://hochiminh.hdbank.com.vn/,"238 Nguyễn Sơn, Phường Phú Thọ Hòa, Quận Tân Phú, Thành Phố Hồ Chí Minh, Việt Nam"
PGD Lê Trọng Tấn,(028) 73 069939,(028) 38 161850,https://hochiminh.hdbank.com.vn/,"445-445A Lê Trọng Tấn, P. Sơn Kỳ, Quận Tân Phú, Thành Phố Hồ Chí Minh, Việt Nam"
PGD TP. Thủ Đức,(028) 3736 0886,,https://thuduc.hdbank.com.vn/,"199 Đường Lê Văn Việt, Phường Hiệp Phú, TP. Thủ Đức, TP.HCM"
PGD Nguyễn Duy Trinh,(028) 7302 8998,(028) 62 807 021,https://thuduc.hdbank.com.vn/,"201 Nguyễn Duy Trinh, Phường Bình Trưng Tây, TP.Thủ Đức, Thành Phố Hồ Chí Minh, Việt Nam"
PGD Linh Đông,(028) 37206 401,(028) 37206 403,https://thuduc.hdbank.com.vn/,"226 Tô Ngọc Vân, Phường Linh Đông, Thành phố Thủ Đức, Thành Phố Hồ Chí Minh, Việt Nam"
PGD Thảo Điền (Cát Lái cũ),(0287) 300 3696,(0287) 300 3696,https://hochiminh.hdbank.com.vn/,"Số 08 đường Nguyễn Văn Hưởng , Phường Thảo Điền, TP. Thủ Đức, TP. Hồ Chí Minh (một phần tầng trệt, 1 phần tầng 1, toàn bộ tầng 2)."
PGD Phước Long,(028) 3629 6699,(028) 6282 6317,https://thuduc.hdbank.com.vn/,"274 - 276 Đỗ Xuân Hợp, Phường Phước Long A, Thành phố Thủ Đức (Q.9 cũ), Hồ Chí Minh, Việt Nam"
PGD Đông Sài Gòn,(028) 3740 7047,(028) 3740 2976,https://thuduc.hdbank.com.vn/,"280 đường Trần Não, Khu phố 2, Phường An Khánh, TP. Thủ Đức, Thành phố Hồ Chí Minh"
CN Nguyễn Đình Chiểu,(028) 6.2666.111,(028) 6.2918.302,https://hochiminh.hdbank.com.vn/,"Số 58 Nguyễn Đình Chiểu, P. Đa Kao, Quận 1, Thành Phố Hồ Chí Minh, Việt Nam"
CN Hàng Xanh,(028) 35128 644,(028) 35123 296,https://hochiminh.hdbank.com.vn/,"M03, M04, tầng lửng, văn phòng số 101, 102, 103, 104, tòa nhà Broadcast Điện Biên Phủ, Phường 15, Quận Bình Thạnh, Thành Phố Hồ Chí Minh, Việt Nam"
PGD Gò Vấp,(028) 39872 826,(028) 38312 300,https://hochiminh.hdbank.com.vn/,"871 Quang Trung, Phường 12, Quận Gò Vấp, Thành Phố Hồ Chí Minh, Việt Nam"
PGD Củ Chi (Bình Chiểu cũ),(028) 73 060 679,(028) 54492 492,https://hochiminh.hdbank.com.vn/,"Số 35-37, tỉnh lộ 8, Khu phố 1, thị trấn Củ Chi, huyên Củ Chi, Thành phố Hồ Chí Minh"
PGD Nguyễn Thị Định,(0285) 402 7812,(0285) 402 7812,https://hochiminh.hdbank.com.vn/,"519 Nguyễn Thị Định, Khu Phố 1, Phường Cát Lái, TP. Thủ Đức, Thành Phố Hồ Chí Minh, Việt Nam"
PGD Hoàng Diệu,(028) 73088 688,(028) 39435 681,https://hochiminh.hdbank.com.vn/,"1 Đinh Lễ, Phường 12, Quận 4, Thành Phố Hồ Chí Minh, Việt Nam"
PGD Bình Thọ,(028) 7306 0689,(028) 5409 4257,https://thuduc.hdbank.com.vn/,"100B Đặng Văn Bi, Phường Bình Thọ, Thành phố Thủ Đức (Q. Thủ Đức cũ), Thành phố Hồ Chí Minh"
PGD Bình Thạnh,(0283) 512 5231,(0283) 512 5231,https://hochiminh.hdbank.com.vn/,"Tòa nhà HT Building, Số 132-134 Đường D2, Phường 25, Quận Bình Thạnh, Thành Phố Hồ Chí Minh, Việt Nam"
CN Gia Định,(0283) 628 2868,(0283) 628 2868,https://hochiminh.hdbank.com.vn/,"Tòa nhà Hà Phan 1119 Trần hưng Đạo, Phường 5, Quận 5, Thành Phố Hồ Chí Minh, Việt Nam"
PGD Khu Nam,(028) 7302 6869,,https://hochiminh.hdbank.com.vn/,"Số 39 đường 9A Khu dân cư Trung Sơn, Xã Bình Hưng, Huyện Bình Chánh, Thành Phố Hồ Chí Minh, Việt Nam"
PGD Chợ Lớn (PGD Bình Phú cũ),(028) 36 283 848,(028) 54 342 310,https://hochiminh.hdbank.com.vn/,"454-456 Hồng Bàng, phường 16, Quận 11, Thành phố Hồ Chí Minh, Việt Nam"
PGD Tân Bình,(0283) 629 4499,(0283) 629 4499,https://hochiminh.hdbank.com.vn/,"151 - 153 đường Nguyễn Hồng Đào, Phường 14, Quận Tân Bình, Thành Phố Hồ Chí Minh, Việt Nam"
PGD Tạ Uyên,(0285) 405 2052,(0285) 405 2052,https://hochiminh.hdbank.com.vn/,"742 -744 Nguyễn Chí Thanh, Phường 4, Quận 11, Thành Phố Hồ Chí Minh, Việt Nam"
PGD Trương Định,(028) 38 385 132,(028) 38 385 135,https://hochiminh.hdbank.com.vn/,"179 Nguyễn Cư Trinh, Phường Nguyễn Cư Trinh, Quận 1, Thành Phố Hồ Chí Minh, Việt Nam"
PGD Trường Sơn (Bình Thới cũ),(0283) 975 5765,(0283) 975 5765,https://hochiminh.hdbank.com.vn/,"Tòa nhà Thép Toàn Thắng, Số 8A-10A, đường Trường Sơn, Phường 3, Quận Tân Bình, Thành Phố Hồ Chí Minh, Việt Nam"
CN Long An,(0272) 363 0336,(0272) 363 0336,https://longan.hdbank.com.vn/,"112-114-116 đường Nguyễn Văn Tiếp, khu phố 3, thị trấn Bến Lức, huyện Bến Lức, tỉnh Long An, Việt Nam"
PGD Long Hậu,(﻿0283) 873 4245,(028) 3873 4246,https://longan.hdbank.com.vn/,"Số MB 101, TTDV KCN Long Hậu, đường Long Hậu-Hiệp Phước, Xã Long Hậu, Huyện Cần Giuộc, Tỉnh Long An, Việt Nam"
PGD Tầm Vu,(0272) 390 8188,(0272) 390 8188,https://longan.hdbank.com.vn/,"Số 262 đường Đỗ Tường Phong, Khóm 1, thị trấn Tầm Vu, Huyện Châu Thành , Tỉnh Long An, Việt Nam"
PGD Đức Hòa,(0272) 390 8488,(0272) 363 9395,https://longan.hdbank.com.vn/,"Số 162C đường tỉnh 8241, khu Phố 3, Thị trấn Đức Hòa, Huyện Đức Hòa, Tỉnh Long An, Việt Nam"
CN Cần Thơ,(0710)3734250,(0710)3734251,https://cantho.hdbank.com.vn/,"162-162b Đường Trần Hưng Đạo, phường An Nghiệp, quận Ninh Kiều, thành phố Cần Thơ, Việt Nam"
PGD Thốt Nốt (PGD Tân An cũ),(0292) 361 2931,(0292) 361 2930,https://cantho.hdbank.com.vn/,"262 Quốc lộ 91, phường Thốt Nốt, quận Thốt Nốt, thành phố Cần Thơ, Việt Nam"
PGD Ninh Kiều,(0292)3783041,(0292)3783042,https://cantho.hdbank.com.vn/,"Số 81A-81B-83 Nguyễn Trãi, P. Tân An, Quận Ninh Kiều, Thành phố Cần Thơ"
PGD Ô Môn,(0292) 390 8866,(0292) 390 8866,https://cantho.hdbank.com.vn/,"Khu vực 4, đường 26 tháng 3, phường Châu Văn Liêm, Quận Ô Môn, Thành Phố Cần Thơ, Việt Nam"
CN An Giang,(0296) 390 8088,(0296) 394 9588,https://angiang.hdbank.com.vn/,"217 Lý Thái Tổ, tổ 5, nhóm 7, Phường Mỹ Long, Thành Phố Long Xuyên, Tỉnh An Giang, Việt Nam"
PGD Châu Đốc,(0296) 356 2889,(0296) 356 2888,https://angiang.hdbank.com.vn/,"163-165 Lê Lợi, tổ 17, Khóm Châu Long, Phường Châu Phú B, Thành Phố Châu Đốc, Tỉnh An Giang, Việt Nam"
PGD Châu Phú,(0296) 730 6868,(0296) 367 6868,https://angiang.hdbank.com.vn/,"Số 366 Quốc lộ 91, Tổ 12, ấp Bình Chánh, xã Bình Long, Huyện Châu Phú, Tỉnh An Giang, Việt Nam"
PGD Thoại Sơn,(0296) 730 0088,(0296) 373 8039,https://angiang.hdbank.com.vn/,"Số 407 đường Nguyễn Huệ, Thị trấn Núi Sập, Huyện Thoại Sơn, Tỉnh An Giang, Việt Nam"
CN Bến Tre,(0275) 3696 888,(0275) 3696 898,https://bentre.hdbank.com.vn/,"Số 72B1, Đại Lộ Đồng Khởi, KP4, phường Phú Khương, Thành Phố Bến Tre, Tỉnh Bến Tre, Việt Nam"
PGD Ba Tri,(0275) 3908 858,(0275) 3761 762,https://bentre.hdbank.com.vn/,"Số 34 đường 19/5, Khu Phố 2, Thị trấn Ba Tri, Tỉnh Bến Tre"
PGD Mỏ Cày Bắc,(0275) 3908 758,(0275) 3839 090,https://bentre.hdbank.com.vn/,"Số 67A, tỉnh lộ 882, ấp Phước Hậu, Xã Phước Mỹ Trung, Huyện Mỏ Cày Bắc, Tỉnh Bến Tre, Việt Nam"
CN Tiền Giang,(0273) 390 8668,(0273) 386 2268,https://tiengiang.hdbank.com.vn/,"Số 262 , đường Ấp Bắc, Phường 5, TP. Mỹ Tho, tỉnh Tiền Giang"
CN Sóc Trăng,(0299) 390 9090,(0299) 390 9090,https://soctrang.hdbank.com.vn/,"179-179A Trần Hưng Đạo, Phường 3, Thành Phố Sóc Trăng, Tỉnh Sóc Trăng, Việt Nam"
PGD Châu Thành,(0299) 3908 088,(0299) 3858 588,https://soctrang.hdbank.com.vn/,"Số 327 ấp Trà Quýt A, Thị Trấn Châu Thành, Huyện Châu Thành, Tỉnh Sóc Trăng, Việt Nam"
PGD Trần Đề,(0299) 390 9919,(0299) 390 9919,https://soctrang.hdbank.com.vn/,"Số 240 đường Nam Sông Hậu, ấp Đầu Gồng, thị trấn Trần Đề, Huyện Trần Đề, Tỉnh Sóc Trăng, Việt Nam"
PGD Ngã Năm,(0299) 390 9939,(0299) 390 9939,https://soctrang.hdbank.com.vn/,"Số 27-29 đường Mai Thanh Thế, Khóm 1, Phường 1, Thị Xã Ngã Năm, Tỉnh Sóc Trăng, Việt Nam"
CN Đồng Tháp,(0277) 6250 505,(0277) 6250 404,https://dongthap.hdbank.com.vn/,"62-64 Lý Thường Kiệt, Phường 2, Thành Phố Cao Lãnh, Tỉnh Đồng Tháp, Việt Nam"
PGD Sa Đéc,(0277) 3908 068,(0277) 3918 068,https://dongthap.hdbank.com.vn/,"A8-10 đường Hùng Vương, Khóm 1, Phường 2, Thành Phố Sa Đéc, Tỉnh Đồng Tháp, Việt Nam"
PGD Tháp Mười,(0277) 3908 966,(0277) 6651 069,https://dongthap.hdbank.com.vn/,"Số 118 đường Hùng Vương, Khóm 4, Thị Trấn Mỹ An, Huyện Tháp Mười, Tỉnh Đồng Tháp, Việt Nam"
PGD Hồng Ngự,(0277) 3908 908,(0277) 6561 089,https://dongthap.hdbank.com.vn/,"Số 85-87 đường Lê Hồng Phong, Phường An Thạnh, Thị xã Hồng Ngự, Tỉnh Đồng Tháp, Việt Nam"
CN Kiên Giang,(0297) 366 8686,(0297) 366 8687,https://kiengiang.hdbank.com.vn/,"Lô A7-63+64 Ba Tháng Hai, Phường Vĩnh Bảo, Thành Phố Rạch Giá, Tỉnh Kiên Giang, Việt Nam"
PGD An Biên (Kiên Lương cũ),(0297) 390 9009,(0297) 388 2868,https://kiengiang.hdbank.com.vn/,"Số 58B, tổ 1, Khu phố 5, thị trấn Thứ Ba, Huyện An Biên, Tỉnh Kiên Giang, Việt Nam"
PGD Minh Lương (Rạch Sỏi cũ),(0297) 390 9333,(0297) 361 5368,https://kiengiang.hdbank.com.vn/,"Số 589, đường Quốc lộ 61, KP Minh Phú, TT Minh Lương, Huyện Châu Thành, Tỉnh Kiên Giang, Việt Nam"
PGD Phú Quốc,(0297) 730 6368,(0297) 368 1819,https://kiengiang.hdbank.com.vn/,"Số 50, đường 30/4, khu phố 1, phường Dương Đông, TP Phú Quốc, Tỉnh Kiên Giang, Việt Nam"
CN Vĩnh Long,(0270) 383 8886,(0270) 383 8881,https://vinhlong.hdbank.com.vn/,"Số 138 Phạm Thái Bường, Khóm 1, Phường 4, Thành Phố Vĩnh Long, Tỉnh Vĩnh Long, Việt Nam"
PGD Vũng Liêm,(0270) 390 8808,(0270) 390 8808,https://vinhlong.hdbank.com.vn/,"Số 160N, Đường Nam Kỳ Khởi Nghĩa, Khóm 2, Thị Trấn Vũng Liêm, Huyện Vũng Liêm, Tỉnh Vĩnh Long, Việt Nam"
PGD Tam Bình (Mỹ Thuận cũ),(0270) 390 8668,(0270) 371 4888,https://vinhlong.hdbank.com.vn/,"Số 24 đường Phan Văn Đáng, Khóm 1, Thị trấn Tam Bình, Huyện Tam Bình, Tỉnh Vĩnh Long, Việt Nam"
CN Cà Mau,(0290) 3641 999,(0290) 3641 997,https://camau.hdbank.com.vn/,"138A -138B Ngô Quyền, Phường 9, Thành Phố Cà Mau, Tỉnh Cà Mau, Việt Nam"
PGD Minh Hải (Sông Đốc cũ),(0290) 3908 908,(0290) 3912 666,https://camau.hdbank.com.vn/,"Số 66 đường Trần Hưng Đạo, phường 5, Thành Phố Cà Mau, Tỉnh Cà Mau"
PGD Tắc Vân (Minh Hải cũ),(0290) 730 5599,(0290) 369 9090,https://camau.hdbank.com.vn/,"Số 666 đường Quốc lộ 1A, xã Tắc Vân, Thành Phố Cà Mau, Tỉnh Cà Mau"
PGD Năm Căn,(0290) 390 8008,(0290) 390 8008,https://camau.hdbank.com.vn/,"Số 221 đường Hùng Vương, khóm 7, thị trấn Năm Căn, Huyện Năm Căn, Tỉnh Cà Mau"
CN Bình Dương,(0650)3872861,(0650)3872860,https://binhduong.hdbank.com.vn/,"558 Đại Lộ Bình Dương, Thành Phố Thủ Dầu Một, Tỉnh Bình Dương, Việt Nam"
PGD Dĩ An,(0274) 379 6077,(0274) 379 6078,https://binhduong.hdbank.com.vn/,"90 đường Dĩ An-Truông Tre, Khu Phố Bình Minh 2, Phường Dĩ An, Huyện Dĩ An, Tỉnh Bình Dương, Việt Nam"
PGD Bến Cát (Sở Sao cũ),(0274)7303366,(0274)3554546,https://binhduong.hdbank.com.vn/,"Lô C, Ô số 1, KDC Mỹ Phước 4 - Khu A, phường Mỹ Phước, thị xã Bến Cát, tỉnh Bình Dương, Việt Nam"
PGD Thủ Dầu Một,(0274) 387 8090,(0274) 387 8086,https://binhduong.hdbank.com.vn/,"Lô B, ô 1 và ô 2, KP chợ Đinh Bộ Lĩnh, Phường Phú Cường, Thành Phố Thủ Dầu Một, Tỉnh Bình Dương, Việt Nam"
PGD Bình An,(0274) 377 1933,,https://binhduong.hdbank.com.vn/,"Thửa đất số 4011, tờ bản đồ số 2BA.3, số vào sổ cấp GNN:CT03772, KP Nội Hóa 2, Phường Bình An, Thị Xã Dĩ An, Tỉnh Bình Dương, Việt Nam"
PGD Bàu Bàng (Cổng Xanh-Phú Cường cũ),(0274) 222 2333,(0274) 222 2332,https://binhduong.hdbank.com.vn/,"Đường D1-5A tổ 14, ấp Đồng Sổ, Xã Lai Uyên, Huyện Bàu Bàng, Tỉnh Bình Dương, Việt Nam"
PGD Lái Thiêu,(0274) 730 1188,,https://binhduong.hdbank.com.vn/,"Số 66 đường Nguyễn Văn Tiết, khu Phố Đông Tư, phường Lái Thiêu, Thị Xã Thuận An, Tỉnh Bình Dương, Việt Nam"
CN Đồng Nai,(0251) 391 8371,(0251) 391 8370,https://dongnai.hdbank.com.vn/,"208D Phạm Văn Thuận, Phường Tân Tiến, Thành phố Biên Hòa, Tỉnh Đồng Nai, Việt Nam"
PGD Thanh Bình,(0251) 394 0751,(0251) 394 0750,https://dongnai.hdbank.com.vn/,"L1-3, L1-4 KDC Phú Gia, đường Nguyễn Khuyến, Thành Phố Biên Hòa, Tỉnh Ðồng Nai, Việt Nam"
PGD Amata (Long Bình Tân cũ),(0251) 625 1009,(0251) 625 1099,https://dongnai.hdbank.com.vn/,"50-52 Ðồng Khởi, KP.4, P. Tân Hiệp, Thành Phố Biên Hòa, Tỉnh Ðồng Nai, Việt Nam"
PGD Tân Biên,(0251)3882550,(0251)3882551,https://dongnai.hdbank.com.vn/,"388, Đường Nguyễn Ái Quốc, Khu Phố 9, Phường Hố Nai, Thành Phố Biên Hòa, Tỉnh Ðồng Nai, Việt Nam"
PGD Tân Hiệp,(0251) 887 1422,(0251) 887 1272,https://dongnai.hdbank.com.vn/,"433-435 Đường Đồng Khởi, Tân Hiệp, Thành Phố Biên Hòa, Tỉnh Ðồng Nai, Việt Nam"
PGD Hố Nai,(0251) 388 1480,(0251) 388 3598,https://dongnai.hdbank.com.vn/,"A3-A8, quốc lộ 1A, khu phố 5B, phường Tân Biên, Thành phố Biên Hòa, Tỉnh Đồng Nai, Việt Nam"
PGD Tam Hiệp,(0251) 882 2502,(0251) 882 2501,https://dongnai.hdbank.com.vn/,"151/2 KP4, Tam Hiệp, Thành Phố Biên Hòa, Tỉnh Đồng Nai, Việt Nam"
PGD Long Khánh (Xuân Hòa cũ),(0251) 387 7917,(0251) 378 2428,https://dongnai.hdbank.com.vn/,"520 Hùng Vương, Phường Xuân Hòa, Thị xã Long Khánh, Tỉnh Đồng Nai, Việt Nam"
PGD Trảng Bom,(0251) 367 5133,(0251) 367 5129,https://dongnai.hdbank.com.vn/,"B4, B5 - Khu nhà ở Bắc, Huyện Trảng Bom, Tỉnh Đồng Nai, Việt Nam"
PGD Quang Vinh,(0251) 395 7166,(0251) 385 9624,https://dongnai.hdbank.com.vn/,"19/1 ấp Đồng Nai, Xã Hóa An, Thành Phố Biên Hòa, Tỉnh Ðồng Nai, Việt Nam"
CN SGD Đồng Nai,(0251) 384 0376,(0251) 394 2524,https://dongnai.hdbank.com.vn/,"294-296 Khu Phố 1, Cách Mạng Tháng Tám, Quang Vinh, Thành Phố Biên Hòa, Tỉnh Ðồng Nai, Việt Nam"
PGD Quyết Thắng,( 0251) 384 0377,(0251) 394 3860,https://dongnai.hdbank.com.vn/,"Tầng trệt, Block B, Cao ốc Pegasus Plaza, số 53-55, đường Võ Thị Sáu, Phường Quyết Thắng, Thành Phố Biên Hòa, Tỉnh Ðồng Nai, Việt Nam"
PGD Bửu Long,(0251) 885 0902,(0251) 885 0906,https://dongnai.hdbank.com.vn/,"3/6C, KP2, Bửu Long, Thành Phố Biên Hòa, Tỉnh Ðồng Nai, Việt Nam"
PGD Tân Phong,(0251) 394 0592,(0251) 394 0591,https://dongnai.hdbank.com.vn/,"348C Nguyễn Ái Quốc, phường Tân Tiến, Thành Phố Biên Hòa, Tỉnh Đồng Nai"
PGD Tân Mai,(0251) 882 2502,(0251) 882 2501,https://dongnai.hdbank.com.vn/,"1/20 tổ 3, KP7, Tân Mai, Thành Phố Biên Hòa, Tỉnh Ðồng Nai, Việt Nam"
PGD Bình Sơn (Đồng Khởi cũ),(0251) 394 3132,(0251) 394 3132,https://dongnai.hdbank.com.vn/,"Đường DT769, ấp 8, xã Bình Sơn, Huyện Long Thành, Tỉnh Ðồng Nai, Việt Nam"
PGD Thạnh Phú,(0251) 386 5950,(0251) 386 5950,https://dongnai.hdbank.com.vn/,"459A, tỉnh lộ 768, ấp 1, xã Thạnh Phú, Huyện Vĩnh Cửu, Tỉnh Đồng Nai, Việt Nam"
PGD Tân Hòa,(0251) 825 3562,(0251) 888 0413,https://dongnai.hdbank.com.vn/,"58/1 - 60/1 Quốc lộ 1A, khu phố 2, phường Tân Hòa, Thành Phố Biên Hòa, Tỉnh Đồng Nai, Việt Nam"
PGD Vĩnh An,(0251) 3960 873,(0251) 396 0873,https://dongnai.hdbank.com.vn/,"Khu phố 5, thị trấn Vĩnh An, TT. Vĩnh An, Huyện Vĩnh Cửu, Tỉnh Đồng Nai, Việt Nam"
PGD Tam Phước,(0251) 351 3266,(0251) 3 513 131,https://dongnai.hdbank.com.vn/,"246B Long Đức 1, Tam Phước, Huyện Long Thành, Tỉnh Đồng Nai, Việt Nam"
PGD Long Bình,(0251) 383 6184,(0251) 383 6184,https://dongnai.hdbank.com.vn/,"351 Quốc lộ 51, khu phố 1, phường Long Bình Tân, Thành phố Biên Hòa, Tỉnh Đồng Nai, Việt Nam"
PGD Nhơn Trạch,(0251) 354 8969,(0251) 354 8966,https://dongnai.hdbank.com.vn/,"Số 357, đường Hùng Vương, Ấp 3, xã Hiệp Phước, Huyện Nhơn Trạch, Tỉnh Đồng Nai, Việt Nam"
PGD Long Thành,(0251) 368 8799,(0251) 354 6946,https://dongnai.hdbank.com.vn/,"260 Lê Duẩn, Khu Văn Hải, Thị Trấn Long Thành, Huyện Long Thành, Tỉnh Đồng Nai, Việt Nam"
PGD Định Quán,(0251) 361 6648,(0251) 361 6648,https://dongnai.hdbank.com.vn/,"193 Quốc lộ 20, ấp Hiệp Quyết, TX Định Quán, Huyện Định Quán, Tỉnh Đồng Nai, Việt Nam"
PGD Phương Lâm,(0251) 366 5252,(0251) 366 5252,https://dongnai.hdbank.com.vn/,"2117 QL20 Ấp Phương Lâm 1, Xã Phú Lâm, Huyện Tân Phú, Tỉnh Đồng Nai, Việt Nam"
PGD Gia Ray,(0251) 374 3755,(0251) 374 3755,https://dongnai.hdbank.com.vn/,"362 Trần Phú, KP3, TT Gia Ray, Huyện Xuân Lộc, Tỉnh Đồng Nai, Việt Nam"
PGD Thống Nhất,(0251) 377 8867,(0251) 377 8867,https://dongnai.hdbank.com.vn/,"A2/063, quốc lộ 20, ấp Bắc Sơn, xã Quang Trung, Huyện Thống Nhất, tỉnh Đồng Nai"
PGD Sông Ray,(0251) 371 5524,(0251) 371 5524,https://dongnai.hdbank.com.vn/,"Ấp 5, xã Sông Ray, Huyện Cẩm Mỹ, Tỉnh Đồng Nai, Việt Nam"
PGD Phước Bình (Long Khánh cũ),(0251) 354 3568,,https://dongnai.hdbank.com.vn/,"Tổ 5, ấp 2, QL51, Xã Phước Bình, Huyện Long Thành, Tỉnh Đồng Nai, Việt Nam"
PGD Xuân An,(0251) 364 7593,(0251) 364 7593,https://dongnai.hdbank.com.vn/,"KP1, Hùng Vương, P. Xuân Bình, Thị Xã Long Khánh, Tỉnh Đồng Nai, Việt Nam"
PGD Đông Hòa,(0251) 367 9956,(0251) 367 9962,https://dongnai.hdbank.com.vn/,"Số 12 khu 6, ấp Bàu Cá, xã Trung Hòa, Huyện Trảng Bom, Tỉnh Đồng Nai, Việt Nam"
PGD Hố Nai 3,(0251) 888 9000,(0251) 888 9010,https://dongnai.hdbank.com.vn/,"Ấp Thanh Hóa Quốc Lộ 1A, Hố Nai 3, Huyện Trảng Bom, Tỉnh Đồng Nai, Việt Nam"
CN Vũng Tàu,(0254) 395 9799,(064) 357 6758,https://vungtau.hdbank.com.vn/,"63 Lê Hồng Phong, phường 7, Thành Phố Vũng Tàu, Tỉnh Bà Rịa - Vũng Tàu, Việt Nam"
PGD Lý Thường Kiệt,(254) 351 3363,(064) 351 3362,https://vungtau.hdbank.com.vn/,"179A-181A Nam Kỳ Khởi Nghĩa, Phường 3, Thành Phố Vũng Tàu, Tỉnh Bà Rịa - Vũng Tàu, Việt Nam"
PGD Phước Tĩnh,(254)3673826,(064)3673825,https://vungtau.hdbank.com.vn/,"Số 10 Tổ 2 Ấp Phước Lâm, Phường Phước Tỉnh, Huyện Long Điền, Tỉnh Bà Rịa Vũng Tàu, Việt Nam"
PGD Bà Rịa,(254)3673826,(064)3673825,https://vungtau.hdbank.com.vn/,"267 Cách Mạng Tháng 8, Phường Phước Hưng, Thị xã Bà Rịa, Tỉnh Bà Rịa Vũng Tàu, Việt Nam"
PGD Châu Đức,(254) 396 1120,(064) 396 1121,https://vungtau.hdbank.com.vn/,"số 307 Hùng Vương, KP 2, Thị Trấn Ngãi Giao, Huyện Châu Đức, Tỉnh Bà Rịa - Vũng Tàu, Việt Nam"
PGD Rạch Dừa ( Lê Hồng Phong cũ),(254) 357 7079,(064) 357 7078,https://vungtau.hdbank.com.vn/,"Số 213-215 Đường 30/04 Phường Thống Nhất, Thành Phố Vũng Tàu, Tỉnh Bà Rịa - Vũng Tàu, Việt Nam"
CN Tây Ninh,(0276) 392 2484,(0276) 392 2485,https://tayninh.hdbank.com.vn/,"440, Đường 30 tháng 4. Khu phố 1, Phường 3, TP Tây Ninh, Tỉnh Tây Ninh"
PGD Tân Châu,(0276) 3920 8968,(0276) 373 0979,https://tayninh.hdbank.com.vn/,"Số 105-107 Trần Văn Trà, thị trấn Tân Châu, Huyện Tân Châu, tỉnh Tây Ninh, Việt Nam"
PGD Xa Mát,(0276) 3908 768,(0276) 388 9900,https://tayninh.hdbank.com.vn/,"Số 12 Nguyễn Văn Linh, thị trấn Tân Biên, Huyện Tân Biên, Tỉnh Tây Ninh, Việt Nam"
PGD Trảng Bàng (Gò Dầu cũ),(0276) 390 8989,,https://tayninh.hdbank.com.vn/,"Số 22 Quốc lộ 22, tổ 1, khu Phố Gia Huỳnh, thị trấn Trảng Bàng, Huyện Trảng Bàng , Tỉnh Tây Ninh, Việt Nam"
CN Bình Phước,(0271) 388 3368,(0271) 388 3367,https://binhphuoc.hdbank.com.vn/,"Số 672 Quốc Lộ 14, Phường Tân Phú, Thị Xã Đồng Xoài, Tỉnh Bình Phước, Việt Nam"
PGD Thác Mơ,(0271) 377 9009,(0271) 375 6009,https://binhphuoc.hdbank.com.vn/,"Đường Nguyễn Tất Thành (ĐT 741 cũ), KP5, phường Long Phước, Thị Xã Phước Long, Tỉnh Bình Phước, Việt Nam"
CN Lâm Đồng,02633 551 100,02633 551 105,https://lamdong.hdbank.com.vn/,"1/23 Trần Phú, Phường 4, Thành Phố Đà Lạt, Tỉnh Lâm Đồng, Việt Nam"
PGD Đức Trọng,(0263) 3808 568,(0263) 2460 909,https://lamdong.hdbank.com.vn/,"Số 546 Quốc lộ 20, tổ dân Phố 29, thị trấn Liên Nghĩa, Huyện Đức Trọng, Tỉnh Lâm Đồng, Việt Nam"
CN Đăk Lăk,(0262) 382 1415,(0262) 382 1515,https://daklak.hdbank.com.vn/,"Số 10 Trần Hưng Đạo, phường Thắng Lợi, Thành Phố Buôn Ma Thuột, Tỉnh Đắk Lắk, Việt Nam"
PGD Krông Buk,(0262) 372 6666,(0262) 374 5555,https://daklak.hdbank.com.vn/,"Thôn Tân Lập, xã Pơng Drang, Huyện Krông Buk, Tỉnh Đắk Lắk, Việt Nam"
PGD Cư Kuin,(0262) 365 7272,(0262) 365 7474,https://daklak.hdbank.com.vn/,"Thôn 2, Xã Ea Ktur, Huyện Cư Kuin, Tỉnh Đắk Lắk, Việt Nam"
PGD Ea H'Leo,(0262) 3 908 001,(0262) 3 527 666,https://daklak.hdbank.com.vn/,"Số 412 đường Giải Phóng,thị trấn Ea Drăng, Huyện Ea H'Leo, Tỉnh Đắk Lắk, Việt Nam"
CN Đăk Nông,(0261) 730 7979,(0261) 354 6868,https://daknong.hdbank.com.vn/,"Số 354 Tôn Đức Thắng, phường Nghĩa Thành, Thị xã Gia Nghĩa, Tỉnh Đăk Nông, Việt Nam"
CN Gia Lai,(0269) 3714 100,(0269) 3714 105,https://gialai.hdbank.com.vn/,"182 Nguyễn Tất Thành, phường Phù Đổng, TP. Pleiku , tỉnh Gia Lai, Việt Nam"
PGD An Khê (Pleiku cũ),(0269) 390 8809,(0269) 3857333,https://gialai.hdbank.com.vn/,"Số 1063 Quang Trung, phường An Phú, thị xã An Khê, Tỉnh Gia Lai, Việt Nam"
PGD Đak Đoa,(0269) 390 8789,(0269) 383 1579,https://gialai.hdbank.com.vn/,"Số 297-299 Nguyễn Huệ, tổ dân Phố 3, thị trấn Đak Đoa, Huyện Đak Đoa, Tỉnh Gia Lai, Việt Nam"
PGD Chư Sê,(0269) 730 3399,(0269) 730 3399,https://gialai.hdbank.com.vn/,"Số 807B Hùng Vương, thị trấn Chư Sê, Huyện Chư Sê, Tỉnh Gia Lai, Việt Nam"
CN Kon Tum,(0260) 391 9242,(0260) 391 9246,https://kontum.hdbank.com.vn/,"556A Trần Phú, Phường Quyết Thắng, Thành Phố Kon Tum, Tỉnh Kon Tum, Việt Nam"
PGD Ngọc Hồi,(0260) 393 2789,(0260) 393 2788,https://kontum.hdbank.com.vn/,"Số 843 Hùng Vương, tổ dân Phố 2, thị trấn Plei Kần, Huyện Ngọc Hồi, Tỉnh Kon Tum, Việt Nam"
CN Bình Thuận,(0252) 3 823 299,(0252) 3 824 333,https://binhthuan.hdbank.com.vn/,"119 Trần Hưng Đạo, Phường Phú Thủy, Thành Phố Phan Thiết, Tỉnh Bình Thuận, Việt Nam"
PGD Hàm Thuận Nam,(0252) 3908 398,(0252) 3612 929,https://binhthuan.hdbank.com.vn/,"Khu Phố Lập Hòa, thị trấn Thuận Nam, huyện Hàm Thuận Nam, Tỉnh Bình Thuận, Việt Nam"
PGD Đức Linh,,,https://binhthuan.hdbank.com.vn/,"Số 15A đường ĐT 766, thôn 4, xã Đức Hạnh, Huyện Đức Linh, Tỉnh Bình Thuận, Việt Nam"
CN Nha Trang,(0258) 390 8909,(0258) 381 7399,https://khanhhoa.hdbank.com.vn/,"Toà nhà Ariyana Smart Condotel, 18 Trần Hưng Đạo, Phường Lộc Thọ, Thành Phố Nha Trang, Tỉnh Khánh Hòa, Việt Nam"
PGD Chợ Mới,(0258)3908969,(0258)3817399,https://khanhhoa.hdbank.com.vn/,"22 Đường 23/10, Phường Ngọc Hiệp, Thành Phố Nha Trang, Tỉnh Khánh Hòa, Việt Nam"
PGD Cam Ranh,(0258) 3 956 707,(0258) 3 956 808,https://khanhhoa.hdbank.com.vn/,"Số 109 Đại lộ Hùng Vương (Quốc lộ 1A), phường Cam Lợi, Thành Phố Cam Ranh, tỉnh Khánh Hòa, Việt Nam"
PGD Trung Tâm,(0258) 3818 315,(0258)3818 312,https://khanhhoa.hdbank.com.vn/,"Số 100 Hoàng Văn Thụ, Phường Vạn Thắng, Thành Phố Nha Trang, Tỉnh Khánh Hòa, Việt Nam"
CN Phú Yên,(0257) 379 7888,(0257) 381 2281,https://phuyen.hdbank.com.vn/,"Số 355-357 Nguyễn Huệ, phường 5, thành phố Tuy Hòa, tỉnh Phú Yên"
CN Bình Định,(0256) 3 816 345,(0256) 3 816 367,https://binhdinh.hdbank.com.vn/,"89 - 91 Mai Xuân Thưởng, Thành Phố Quy Nhơn, Tỉnh Bình Định, Việt Nam"
PGD An Nhơn,(0256) 3908 588,(0256)3635 588,https://binhdinh.hdbank.com.vn/,"Số 146-148 Ngô Gia Tự, phường Bình Định, Thị Xã An Nhơn, Tỉnh Bình Định, Việt Nam"
PGD Tây Sơn (Diêu Trì cũ),(0256) 3880 399,(0256) 3880 599,https://binhdinh.hdbank.com.vn/,"Số 2B Nguyễn Huệ, thị trấn Phú Phong, Huyện Tây Sơn, Tỉnh Bình Định, Việt Nam"
PGD Bồng Sơn,(0256) 3909 666,(0256) 3561 966,https://binhdinh.hdbank.com.vn/,"Số 221-223 Quang Trung, Thị trấn Bồng Sơn, Huyện Hoài Nhơn, Tỉnh Bình Định, Việt Nam"
CN Quảng Ngãi,(0255) 373 3368,(0255) 373 3369,https://quangngai.hdbank.com.vn/,"219- 221 Quang Trung, Phường Lê Hồng Phong, Thành Phố Quảng Ngải, Tỉnh Quảng Ngãi, Việt Nam"
PGD Đức Phổ,(0255) 390 8588,(0255) 378 9555,https://quangngai.hdbank.com.vn/,"Số 310 Nguyễn Nghiêm, Thị trấn Đức Phổ, Huyện Đức Phổ, Tỉnh Quảng Ngãi, Việt Nam"
CN Quảng Nam,(0235) 393 0930,(0235) 393 0990,https://quangnam.hdbank.com.vn/,"244 Lý Thường Kiệt, Phường Sơn Phong, Thành Phố Hội An, Tỉnh Quảng Nam, Việt Nam"
PGD Tam Kỳ,(0235) 380 9999,(0235) 383 0840,https://quangnam.hdbank.com.vn/,"Số 237-239 Phan Châu Trinh, phường Phước Hòa, Thành Phố Tam Kỳ, Tỉnh Quảng Nam, Việt Nam"
CN Đà Nẵng,(0236)3664777,(0236) 366 4778,https://danang.hdbank.com.vn/,"191 Lê Lợi, Phường Hải Châu 1, Quận Hải Châu, Thành Phố Đà Nẵng, Việt Nam"
PGD Lê Duẩn,(0236) 390 8585,(0236) 375 2767,https://danang.hdbank.com.vn/,"185 Đống Đa, P.Thạch Thang, Quận Hải Châu, Thành Phố Đà Nẵng, Việt Nam"
PGD Hải Châu,(0236) 372 0962,(0236) 372 0960,https://danang.hdbank.com.vn/,"Lô 500A Điện Biên Phủ,Phường Hoà Khê, Quận Thanh Khê, Thành Phố Đà Nẵng, Việt Nam"
PGD Hòa Cường,(0236) 625 4666,(0236) 625 4656,https://danang.hdbank.com.vn/,"376 Núi Thành, P.Hòa Cường, Quận Hải Châu, Thành Phố Đà Nẵng, Việt Nam"
PGD Nguyễn Văn Linh,(0236) 625 2666,(0236) 625 2656,https://danang.hdbank.com.vn/,"150-152 Nguyễn Văn Linh, Quận Thanh Khê, Thành Phố Đà Nẵng, Việt Nam"
CN Huế,0234 3 933 399,0234 3 823 388,https://hue.hdbank.com.vn/,"41-43 Bến Nghé, Phường Phú Hộ, Thành Phố Huế, Thành Phố Huế, Việt Nam"
PGD Bắc Sông Hương,0234 3 90 80 38,0234 3 58 55 79,https://hue.hdbank.com.vn/,"Số 81 đường Mai Thúc Loan, Phường Thuận Thành, Thành Phố Huế, Tỉnh Thừa Thiên Huế, Việt Nam"
PGD Hương Thủy,,,https://hue.hdbank.com.vn/,"Số 153 Nguyễn Tất Thành, phường Thùy Dương, Thị Xã Hương Thủy, Tỉnh Thừa Thiên Huế, Việt Nam"
VPĐD Khu Vực Phía Bắc,(024) 3944 6633,(024) 39 448 791,https://hanoi.hdbank.com.vn/,"Tầng 9 - Số 32 Trần Hưng Đạo, phường Phan Châu Trinh, Quận Hoàn Kiếm, Thành Phố Hà Nội, Việt Nam"
CN Hà Nội,(024)37474393,(024)37474394,https://hanoi.hdbank.com.vn/,"302 Phố Kim Mã, Ngọc Khánh, Ba Đình, Hanoi, Vietnam"
PGD Hồng Hà,(024) 3209 8868,(024) 3932 8864,https://hanoi.hdbank.com.vn/,"6-8 đường Lê Văn Linh, phường Hàng Mã, Quận Hoàn Kiếm, Thành Phố Hà Nội, Việt Nam (tầng 1 & tầng 2)"
PGD Hai Bà Trưng,(024) 3976 5524,(024) 3976 5520,https://hanoi.hdbank.com.vn/,"183 Bà Triệu, phường Lê Đại Hành, Quận Hai Bà Trưng, Thành Phố Hà Nội, Việt Nam"
PGD Đống Đa,(024) 3513 2344,(024) 3513 2346,https://hanoi.hdbank.com.vn/,"Căn nhà liền kề LK11A-01, Khu đo thị mới Mỗ Lao, phường Mộ Lao, quận Hà Đông"
PGD Linh Đàm,(024) 35 401 006,(024) 35 401 005,https://hanoi.hdbank.com.vn/,"BT1 ô số 07 khu nhà ở Bắc Linh Đàm-Nguyễn Hữu Thọ, Phường Đại Kim, Quận Hoàng Mai, Thành Phố Hà Nội, Việt Nam"
PGD Hoàng Văn Thái,(024) 3566 7037,(024) 3566 7040,https://hanoi.hdbank.com.vn/,"142 Hoàng Văn Thái, Phường Khương Mai, Quận Thanh Xuân, Thành Phố Hà Nội"
PGD Hà Thành,(024) 3987 8481,(024) 3987 8490,https://hanoi.hdbank.com.vn/,"288 Lạc Trung, Phường Vĩnh Tuy, quận Hai Bà Trưng, thành Phố Hà Nội, Việt Nam"
PGD Văn Quán (Vạn Xuân cũ),(024) 32095 599,(024) 32095 599,https://hanoi.hdbank.com.vn/,"Số 54 Nguyễn Khuyến, Phường Văn Quán, Quận Hà Đông, Thành Phố Hà Nội, Việt Nam"
PGD Đông Đô,(024) 3.929.1666,(024) 3.929.0797,https://hanoi.hdbank.com.vn/,"T.1&T.2, số 81+83, tổ 9 (nay là tổ 4), thị trấn Đông Anh, huyện Đông Anh, Thành Phố Hà Nội, Việt Nam"
PGD Nam Đô,(024) 3208 6869,(024) 3.929.0797,https://hanoi.hdbank.com.vn/,"Tầng 1-2-3, căn A6+A7 Số 257 Giải phóng, phường Phương Mai, Quận Đống Đa, Thành Phố Hà Nội, Việt Nam (Địa chỉ giao dịch: 46 Phố Vọng, phường Phương Mai, Quận Đống Đa, Thành Phố Hà Nội)"
PGD Kinh Đô,(024) 3538 0659,(024) 3538 0657,https://hanoi.hdbank.com.vn/,"Số 40 đường Kim Đồng, phường Giáp Bát, quận Hoàng Mai, Thành Phố Hà Nội, Việt Nam"
PGD Thành Công,(024) 3773 8919,(024) 3773 8917,https://hanoi.hdbank.com.vn/,"101 và 201-C18 Nguyên Hồng, Phường Láng Hạ, Quận Đống Đa, Thành Phố Hà Nội, Việt Nam"
PGD Thượng Đình,(024) 3551 2083,(024) 3551 02831,https://hanoi.hdbank.com.vn/,"Tầng 1 Tòa Nhà Nam Anh, số 68 Ngõ 116 Nhân Hòa, phường Nhân Chính, Quận Thanh Xuân, Thành Phố Hà Nội, Việt Nam"
PGD Hoàng Mai,(024) 3209 6768,(024) 3640 083,https://hanoi.hdbank.com.vn/,"86 Võ Thị Sáu, Thanh Nhàn, Hai Bà Trưng, Quận Hoàn Kiếm, Thành Phố Hà Nội, Việt Nam"
PGD Yên Thái,(024) 3759 2906,(024) 3759 2904,https://hanoi.hdbank.com.vn/,"Số 392 Thụy Khuê, phường Bưởi, Quận Tây Hồ, Thành Phố Hà Nội, Việt Nam"
CN Hoàn Kiếm,(024)3944 6633,(024)39448791,https://hanoi.hdbank.com.vn/,"32 Trần Hưng Đạo, Phường Phan Chu Trinh, Quận Hoàn Kiếm, Thành Phố Hà Nội, Việt Nam"
PGD Thành Đô (Thái Thịnh cũ),(024) 3562 5641,(024) 3562 6814,https://hanoi.hdbank.com.vn/,"Số 20 tập thể T579C Phố Hào Nam, Phường Ô Chợ Dừa, Quận Đống Đa, Thành Phố Hà Nội, Việt Nam"
PGD Hà Đông,(024) 33 553 888,(024) 3355 2882,https://hanoi.hdbank.com.vn/,"Ô số 5, lô biệt thự BT1, khu đô thị Văn Phú, Quận Hà Đông, Thành Phố Hà Nội, Việt Nam"
PGD Thủ Đô,(024)39448895,(024)39448891,https://hanoi.hdbank.com.vn/,"Số 690 đường Lạc Long Quân, Phường Nhật Tân, Quận Tây Hồ, Thành Phố Hà Nội, Việt Nam"
PGD Trần Hưng Đạo,(024) 3941 0177,(024) 3941 0174,https://hanoi.hdbank.com.vn/,"33 Tràng Thi, Phường Trần Hưng Đạo, Quận Hoàn Kiếm , Thành Phố Hà Nội, Việt Nam"
PGD Gia Lâm (Tràng Tiền cũ),(024) 37 475 956,(024) 3 747 5950,https://hanoi.hdbank.com.vn/,"Số 111 đường Ngô Xuân Quảng, thị trấn Trâu Quỳ, Huyện Gia Lâm, Thành Phố Hà Nội, Việt Nam"
PGD Phan Đình Phùng (Nguyễn Trường Tộ cũ),(024) 3927 5448,(024) 3927 5449,https://hanoi.hdbank.com.vn/,"Số 37B+37C phố Phan Đình Phùng, phường Quán Thánh, Quận Ba Đình, Thành Phố Hà Nội, Việt Nam"
PGD Triều Khúc,(024) 3552 8019,(024) 3552 8044,https://hanoi.hdbank.com.vn/,"Thôn Triều Khúc, xã Tân Triều, Huyện Thanh Trì, Thành Phố Hà Nội, Việt Nam"
PGD Lê Thanh Nghị,(024) 3627 6748,(024) 3627 6753,https://hanoi.hdbank.com.vn/,"Số 142 Nguyễn An Ninh, Phường Tương Mai, Quận Hoàng Mai, Thành Phố Hà Nội, Việt Nam"
PGD Long Biên,(024) 3209 3939,(024) 3652 7172,https://hanoi.hdbank.com.vn/,"Ngõ 562 Nguyễn Văn Cừ, Phường Gia Thụy, Quận Long Biên, Thành Phố Hà Nội, Việt Nam"
PGD Tràng An,(024) 3760 6066,(024) 3760 6065,https://hanoi.hdbank.com.vn/,"LKA12 Dự án khu nhà ở thấp tầng A1TT1, phường Xuân Tân, Q Bắc Từ Liêm, TP.Hà Nội"
PGD Nam Hà Nội,(024) 3208 0675,(024) 3939 3543,https://hanoi.hdbank.com.vn/,"224 Phố Ga, Thị trấn Thường Tín, Huyện Thường Tín, Thành phố Hà Nội, Việt Nam"
CN Ba Đình,(024) 3755 5959,(024) 3795 9219,https://hanoi.hdbank.com.vn/,"243A, Đê La Thành, Láng Thượng, Quận Đống Đa, Thành Phố Hà Nội, Việt Nam"
PGD Tây Đô,(024) 3782 5566,,https://hanoi.hdbank.com.vn/,"Số 11 đường Nguyễn Văn Huyên kéo dài, tổ 22, phương Quan Hoa, Quận Cầu Giấy , Thành Phố Hà Nội, Việt Nam"
PGD Trung Hòa,(024)62816189,(024)62816190,https://hanoi.hdbank.com.vn/,"80 Trung Kính, Phường Yên Hoà, Quận Cầu Giấy, Thành Phố Hà Nội, Việt Nam"
PGD Tây Hồ,(024)37586062,(024)37586064,https://hanoi.hdbank.com.vn/,"22 Xuân La, Phường Xuân La, Quận Tây Hồ, Thành Phố Hà Nội, Việt Nam"
PGD Kim Liên (PGD Hoài Đức cũ),(024) 3366 1229,(024) 3366 1228,https://hanoi.hdbank.com.vn/,"Số 59 Xã Đàn, phường Phương Liên, Quận Đống Đa, Thành Phố Hà Nội, Việt Nam"
PGD Tây Hà Nội,(024) 3755 5858,(024) 3748 0978,https://hanoi.hdbank.com.vn/,"138 Hoàng Quốc Việt, Nghĩa Tân,Quận Cầu Giấy, Thành Phố Hà Nội, Việt Nam"
PGD Cầu Giấy,(024) 3768 8806,(04) 3768 8805,https://hanoi.hdbank.com.vn/,"12 Trương Công Giai, Phường Dịch Vọng, Quận Cầu Giấy, Thành Phố Hà Nội, Việt Nam"
PGD Thanh Xuân,(024) 62 86 2525,,https://hanoi.hdbank.com.vn/,"144 Khuất Duy Tiến, Quận Thanh Xuân, Thành Phố Hà Nội, Việt Nam"
PGD Mỹ Đình 1,(024) 2221 3978,(024) 2221 3979,https://hanoi.hdbank.com.vn/,"Số B2-09 Khu chức năng đô thị Thành phố Xanh, phường Cầu Diễn, quận Nam Từ Liêm, Thành Phố Hà Nội, Việt Nam"
PGD Trung Yên,(024) 3783 5355,(024) 3783 5354,https://hanoi.hdbank.com.vn/,"17 Lô 14A, KĐT Trung Yên, Phường Trung Hòa, Quận Cầu Giấy, Thành Phố Hà Nội, Việt Nam"
PGD Mỹ Đình 2,(024) 3787 8283,(024) 3787 8288,https://hanoi.hdbank.com.vn/,"Lô 117 Kiểu nhà 1B khu nhà ở thấp tầng TT3, TDP Số 4 Phường Mỹ Đình 1, Quận Nam Từ Liêm, Thành Phố Hà Nội, Việt Nam"
PGD Từ Liêm,(024) 3 786 0012,(024) 3 786 0017,https://hanoi.hdbank.com.vn/,"Tổ dân Phố số 8 Tu Hoàng, phường Phương Canh, Quận Nam Từ Liêm, Thành Phố Hà Nội, Việt Nam"
CN Hùng Vương,(024) 6258 4179,(024) 6258 4180,https://hanoi.hdbank.com.vn/,"Số 23 Duy Tân, phường Mỹ Đình 2, Quận Nam Từ Liêm, Thành Phố Hà Nội, Việt Nam (Một phần tầng 1&2)"
PGD Bắc An Khánh (Nguyễn Chí Thanh cũ),(024) 3 775 9744,,https://hanoi.hdbank.com.vn/,"Tầng 1-Zone A1, Tòa nhà 101 Khu chung cư, Khu đô thị Splendora, Bắc An Khánh, Thành Phố Hà Nội, Việt Nam"
PGD Trần Duy Hưng,(024) 6281 4222,(024) 6281 4230,https://hanoi.hdbank.com.vn/,"Tầng 1 Tòa Nhà CT3, phường Trung Hòa, Quận Cầu Giấy, Thành Phố Hà Nội, Việt Nam"
PGD Hạ Đình (Ô Chợ Dừa cũ),(024) 3209 5868,(024) 3514 9853,https://hanoi.hdbank.com.vn/,"Tầng 1+2, số 109 Nguyễn Xiển, Phường Hạ Đình, Quận Thanh Xuân, Thành Phố Hà Nội, Việt Nam"
PGD Quang Trung,(024)7300 7272,(024) 3355 4921,https://hanoi.hdbank.com.vn/,"Lô T1-03, tầng 1, tòa nhà CT2, chung cư Ngô Thì Nhậm, Phường Hà Cầu, Quận Hà Đông, Thành Phố Hà Nội, Việt Nam"
PGD Mỹ Đình,(024) 3795 8848,(024) 3795 8849,https://hanoi.hdbank.com.vn/,"01 Lê Đức Thọ, Phương Mai Dịch, Quận Cầu Giấy, Thành Phố Hà Nội, Việt Nam"
CN Hồ Gươm,(024) 3933 5373,(024) 3933 5171,https://hanoi.hdbank.com.vn/,"Số 66 Lê Văn Lương, Phường Nhân Chính, Quận Thanh Xuân, Thành Phố Hà Nội, Việt Nam"
PGD Hà Huy Tâp,(024) 3652 6819,(024) 3652 6820,https://hanoi.hdbank.com.vn/,"Số 547 Ngô Gia Tự, Đức Giang, Quận Long Biên, Thành Phố Hà Nội, Việt Nam"
PGD Vĩnh Tuy (Hàng Buồm cũ),(024) 7300 9979,(024) 3926 4780,https://hanoi.hdbank.com.vn/,"Số 222 Phố Dương Văn Bé, Phường Vĩnh Tuy, Quận Hai Bà Trưng, thành phố Hà Nội, Việt Nam"
PGD Nguyễn Khang (Bắc Linh Đàm cũ),024) 6276 3542,,https://hanoi.hdbank.com.vn/,"Số 78 Nguyễn Khang, Phường Yên Hoà, Quận Cầu Giấy, Thành Phố Hà Nội, Việt Nam"
PGD Yên Phụ,(024) 3715 3547,(024) 7300 9919,https://hanoi.hdbank.com.vn/,"Số 45 đường Âu Cơ, Phường Quảng An, quận Tây Hồ, thành phố Hà Nội, Việt Nam"
PGD Sài Đồng (Lạc Trung cũ),(024) 3208 3355,(024) 3987 8700,https://hanoi.hdbank.com.vn/,"Số 66 Sài Đồng, Phường Sài Đồng, Quận Long Biên, Thành Phố Hà Nội, Việt Nam"
PGD Tương Mai (Khâm Thiên cũ),(024) 3923 4888,(024) 3923 4095,https://hanoi.hdbank.com.vn/,"154 phố Tân Mai, phường Tương Mai, quận Hoàng Mai, Thành Phố Hà Nội, Việt Nam"
PGD Lương Định Của,(024) 3208 1199,(024) 3576 5980,https://hanoi.hdbank.com.vn/,"Số 02, ngõ 11+13 Lương Định Của, Phường Kim Liên, Quận Đống Đa, Thành Phố Hà Nội, Việt Nam"
PGD Ngọc Thụy (Nguyễn Lương Bằng cũ),(024) 3209 7799,,https://hanoi.hdbank.com.vn/,"Số 246 Ngọc Thuỵ, Phường Ngọc Thuỵ Quận Long Biên , Thành Phố Hà Nội, Việt Nam"
PGD Thái Thịnh,(024) 3538 1046,(024) 3538 1046,https://hanoi.hdbank.com.vn/,"61 Phố Thái Thịnh,tổ 13b, Phường Thịnh Quang, Quận Đống Đa, Thành Phố Hà Nội, Việt Nam"
CN Ninh Bình,(0229) 390 8668,,https://ninhbinh.hdbank.com.vn/,"Số 67 đường Lương Văn Tụy, Phố Phúc Tân, phường Phúc Thành, Thành Phố Ninh Bình, Tỉnh Ninh Bình, Việt Nam"
CN Hà Tĩnh,(0239) 3686 986,(0239) 3686 589,https://hatinh.hdbank.com.vn/,"Số 70 Phan Đình Phùng, Phường Bắc Hà, Thành Phố Hà Tĩnh, Tỉnh Hà Tĩnh, Việt Nam"
PGD Vũng Áng,(0239) 3715 779,(0239) 3715 766,https://hatinh.hdbank.com.vn/,"Thôn Liên Giang, Xã Kỳ Long, Huyện Kỳ Anh, Tỉnh Hà Tĩnh, Việt Nam"
PGD Lộc Hà,(0239) 3909 566,(0239) 6269 888,https://hatinh.hdbank.com.vn/,"Đường 22.12, thôn Hồng Lạc, xã Thạch Châu, Huyện Lộc Hà, Tỉnh Hà Tĩnh, Việt Nam"
PGD Hương Sơn,(0239) 3909 266,(0239) 3515 888,https://hatinh.hdbank.com.vn/,"56 Nguyễn Tuấn Thiện, khối phố 1, thị trấn Phố Châu, Huyện Hương Sơn, Tỉnh Hà Tĩnh, Việt Nam"
CN Nghệ An,(0238) 860 3777,(0238) 860 1599,https://nghean.hdbank.com.vn/,"39 Lê Hồng Phong, phường Hưng Bình, Thành Phố Vinh, Tỉnh Nghệ An, Việt Nam"
PGD Đô Lương (Hưng Phúc cũ),(0238) 354 6777,(0238) 354 6789,https://nghean.hdbank.com.vn/,"Khu đô thị mới Vườn Xanh, khối 4, thị trấn Đô Lương, Tỉnh Nghệ An, Việt Nam"
PGD Quán Hành,(0238) 361 5615,(0238) 361 5888,https://nghean.hdbank.com.vn/,"Tòa nhà công ty cổ phần thương mại Bảo Hưng, Khối Phố 4, Thị Trấn Quán Hành, Huyện Nghi Lộc, Tỉnh Nghệ An, Việt Nam"
PGD Bắc Nghệ An (Minh Khai cũ),(0238) 355 3388,(0238) 355 3377,https://nghean.hdbank.com.vn/,"Khối Bắc Mỹ, phường Quỳnh Thiện, thị xã Hoàng Mai, Tỉnh Nghệ An, Việt Nam"
PGD Diễn Châu (Trường Thi cũ),(0238) 320 8899,(0238) 367 8556,https://nghean.hdbank.com.vn/,"Thôn 7, xã Diễn Kỷ, Huyện Diễn Châu, Tỉnh Nghệ An, Việt Nam"
PGD Vinh,(0238) 376 8888,(0238) 376 8999,https://nghean.hdbank.com.vn/,"Số 22 Quang Trung, phường Quang Trung, Thành Phố Vinh, Tỉnh Nghệ An, Việt Nam"
CN Thanh Hóa,(0237) 391 9369,(0237) 391 1369,https://thanhhoa.hdbank.com.vn/,"Số 13+14 Phố Phan Chu Trinh, P.Điện Biên, Thành Phố Thanh Hóa, Tỉnh Thanh Hóa, Việt Nam"
PGD Lam Sơn,0237.7300.999,(0237) 375 5636,https://thanhhoa.hdbank.com.vn/,"Số 448 đường Quang Trung, phường Đông Vệ, Thành Phố Thanh Hóa, Tỉnh Thanh Hóa, Việt Nam"
PGD Đào Duy Từ,(0237) 730 0068,(0237) 371 4686,https://thanhhoa.hdbank.com.vn/,"LK1-19 Phố Đào Duy Từ, phường Ba Đình, Thành Phố Thanh Hóa, Tỉnh Thanh Hóa, Việt Nam"
PGD Tĩnh Gia,(0237) 730 0079,(0237) 361 7299,https://thanhhoa.hdbank.com.vn/,"Số 232 Quang Trung, tiểu khu 3, thị trấn Tĩnh Gia,Huyện Tĩnh Gia, Tỉnh Thanh Hóa, Việt Nam"
CN Quảng Bình,(0232) 390 8868,(0232) 384 6886,https://quangbinh.hdbank.com.vn/,"Số 352 Trần Hưng Đạo, phường Nam Lý, Thành Phố Đồng Hới, Tỉnh Quảng Bình, Việt Nam"
CN Nam Định,(0228) 355 5399,(0228) 385 5669,https://namdinh.hdbank.com.vn/,"Số 08 Nguyễn Du, phường Nguyễn Du, Thành Phố Nam Định, Tỉnh Nam Định, Việt Nam"
PGD Chợ Rồng,(0228) 390 9779,(0228) 385 2838,https://namdinh.hdbank.com.vn/,"Số 97 Thành Chung, phường Cửa Bắc, Thành Phố Nam Định, Tỉnh Nam Định, Việt Nam"
CN Hải Dương,(0220) 389 9339,(0220) 389 9334,https://haiduong.hdbank.com.vn/,"Số 360 Nguyễn Lương Bằng, Thành Phố Hải Dương, Tỉnh Hải Dương, Việt Nam"
PGD Điện Biên Phủ,(0220) 384 5111,(0220) 384 5112,https://haiduong.hdbank.com.vn/,"Số 199 Điện Biên Phủ, phường Bình Hàn, Thành Phố Hải Dương, Tỉnh Hải Dương, Việt Nam"
PGD Thành Đông (PGD Chí Linh cũ),(0220) 385 5111,(0220) 385 5123,https://haiduong.hdbank.com.vn/,"Số 22 Quang Trung, phường Quang Trung, Thành Phố Hải Dương, Tỉnh Hải Dương, Việt Nam"
PGD Trường An,,,https://haiduong.hdbank.com.vn/,"Số 225-227, đường Trường Chinh, phường Thanh Bình, Thành Phố Hải Dương, Tỉnh Hải Dương, Việt Nam"
CN Hưng Yên,(0221) 390 8888,(0221) 386 8555,https://hungyen.hdbank.com.vn/,"Số 129 Hải Thượng Lãn Ông, phường Hiến Nam, Thành Phố Hưng Yên, Tỉnh Hưng Yên, Việt Nam"
CN Thái Bình,(0227) 3 809 899,(0227) 6 251 616,https://thaibinh.hdbank.com.vn/,"Lô 7-8 Trần Phú, phường Trần Hưng Đạo, Thành Phố Thái Bình, Tỉnh Thái Bình, Việt Nam"
CN Hải Phòng,(0225) 326 0666,(0225) 326 0888,https://haiphong.hdbank.com.vn/,"Số 116 (tầng 2 và tầng 10) Nguyễn Đức Cảnh, Phường Cát Dài, Quận Lê Chân, Thành Phố Hải Phòng, Việt Nam"
PGD Hải Đăng,(0225) 355 6669,(0255) 355 6111,https://haiphong.hdbank.com.vn/,"Số 02, lô 22A, Lê Hồng Phong, P.Đông Khê, Quận Ngô Quyền, Thành Phố Hải Phòng, Việt Nam"
PGD Ngô Quyền,(0225) 395 6875,(0255) 395 6876,https://haiphong.hdbank.com.vn/,"376 Tô Hiệu, P.Hồ Nam, Quận Lê Chân, Thành Phố Hải Phòng, Việt Nam"
PGD Lê Chân,,,https://haiphong.hdbank.com.vn/,"Số 116C Lương Khánh Thiện, P. Lương Khánh Thiện, Quận Ngô Quyền, Thành Phố Hải Phòng, Việt Nam"
CN Bắc Ninh,(0222) 390 8388,(0222) 222 1988,https://bacninh.hdbank.com.vn/,"Tầng 1 Tòa nha Viglacera, số 15 Lý Thái Tổ, Thành Phố Bắc Ninh, Tỉnh Bắc Ninh, Việt Nam"
PGD Yên Phong,(0222) 390 9198,,https://bacninh.hdbank.com.vn/,"Số 178 đường 286, thị trấn Chờ, Huyện Yên Phong, Tỉnh Bắc Ninh, Việt Nam"
CN Bắc Giang,(0204) 390 8068,(0204) 625 2222,https://bacgiang.hdbank.com.vn/,"Số 772 đường Lê Lợi, Phường Dĩnh Kế, Thành Phố Bắc Giang, Tỉnh Bắc Giang, Việt Nam"
CN Quảng Ninh,(0203) 361 8222,(0203) 363 8111,https://quangninh.hdbank.com.vn/,"Số 9A-10A đường 25/4, phường Hồng Gai, Thành Phố Hạ Long, Tỉnh Quảng Ninh, Việt Nam"
PGD Cẩm Phả,(0203) 3908 238,(0203) 3816 222,https://quangninh.hdbank.com.vn/,"Số 402 Trần Phú, phường Cẩm Trung, Thành Phố Cẩm Phả, Tỉnh Quảng Ninh, Việt Nam"
PGD Uông Bí,(0203) 390 9109,(0203) 356 3666,https://quangninh.hdbank.com.vn/,"Số 01 Trần Quốc Toản, tổ 28, khu 8, P.Quang Trung, Thành Phố Uông Bí, Tỉnh Quảng Ninh, Việt Nam"
PGD Mạo Khê,(0203) 390 8138,(0203) 358 6222,https://quangninh.hdbank.com.vn/,"Số 137 đường Hoàng Hoa Thám, Phường Mạo Khê, Thị Xã Đông Triều, Tỉnh Quảng Ninh, Việt Nam"
CN Thái Nguyên,(0208) 393 9899,(0208) 365 5898,https://thainguyen.hdbank.com.vn/,"Đường Bắc Sơn, KDC số 01, Phường Hoàng Văn Thụ, Thành Phố Thái Nguyên, Tỉnh Thái Nguyên, Việt Nam"
CN Vĩnh Phúc,(0211) 730 6868,(0211) 351 0789,https://vinhphuc.hdbank.com.vn/,"Số 3 đường Mê Linh, Phường Liên Bảo, Thành Phố Vĩnh Yên, Tỉnh Vĩnh Phúc, Việt Nam"
CN Lạng Sơn,(0205) 3819 555,(0205) 3819 998,https://langson.hdbank.com.vn/,"Số 408 Bà Triệu, Phường Vĩnh Trại, Thành phố Lạng Sơn, Tỉnh Lạng Sơn, Việt Nam"
PGD Đồng Đăng,(0205) 3908 088,(0205) 3892 988,https://langson.hdbank.com.vn/,"Số 119 Khu Dây Thép, thị trấn Đồng Đăng, Huyện Cao Lộc, Tỉnh Lạng Sơn, Việt Nam"
PGD Hữu Lũng,(0205) 3909 699,(0205) 3808 366,https://langson.hdbank.com.vn/,"Số 10A Chi Lăng, Khu An Ninh, thị trấn Hữu Lũng, Huyện Hữu Lũng, Tỉnh Lạng Sơn, Việt Nam"
CN Lào Cai,(0214) 366 6188,(0214) 366 6166,https://laocai.hdbank.com.vn/,"Số 143 đường Hoàng Liên, P.Cốc Lếu, Thành Phố Lào Cai, Tỉnh Lào Cai, Việt Nam"
PGD Bắc Cường (Cam Đường cũ),(0214) 390 8839,(0214) 385 9996,https://laocai.hdbank.com.vn/,"Số 6 đường Trần Hưng Đạo, phường Bắc Cường,Thành Phố Lào Cai, Tỉnh Lào Cai, Việt Nam"
PGD Duy Minh,(0275) 730 8899,(0275) 730 8899,https://bentre.hdbank.com.vn/,"Trung tâm thương mại Thạnh Phú, Số 411/1 Khu phố 1, thị trấn Thạnh Phú, huyện Thạnh Phú, tỉnh Bến Tre"
PGD Gò Công,(0273) 730 8668,(0273) 730 8668,https://tiengiang.hdbank.com.vn/,"số 124-126 đường Trương Định, khu phố 3, phường 2, thị xã Gò Công, tỉnh Tiền Giang"
PGD Cái Bè,(0273) 730 8686,(0273) 730 8686,https://tiengiang.hdbank.com.vn/,"Số 150 Tỉnh lộ 875, ấp 5, xã Phú An, huyên Cai Lậy, tỉnh Tiền Giang"
CN Bạc Liêu,(0291) 390 8686,(0291) 390 8686,https://baclieu.hdbank.com.vn/,"Số 206-208 đường Trần Phú, phường 7, TP. Bạc Liêu, tỉnh Bạc Liêu"
PGD Bình Minh (Bình Tân cũ),(0270) 730 8686,(0270) 730 8686,https://vinhlong.hdbank.com.vn/,"Số 75 Nguyễn Văn Thảnh, Khóm 2, Phường Cái Vồn, thị xã Bình Minh, tỉnh Vĩnh Long"
PGD Bù Đăng,,,https://binhphuoc.hdbank.com.vn/,"Số 281 Quốc lộ 14, thị trấn Đức Phong, huyện Bù Đăng, tỉnh Bình Phước"
PGD Chơn Thành,,,https://binhphuoc.hdbank.com.vn/,"Số 69 Đường 2 tháng 4, KP.3, thị trấn Chơn Thành, huyện Chơn Thành, tỉnh Bình Phước"
PGD Di Linh,,,https://lamdong.hdbank.com.vn/,"749 Hùng Vương, thị trấn Di Linh, huyên Di Linh, tỉnh Lâm Đồng"
PGD Bảo Lộc,,,https://lamdong.hdbank.com.vn/,"40 Hà Giang, phường Lộc Sơn, thành phố Bảo Lộc, tỉnh Lâm Đồng"
PGD Phan Rí,,,https://binhthuan.hdbank.com.vn/,"167 Thống Nhất, dân phố 6, thị trấn Phan Rí Cửa, huyện Tuy Phong, tỉnh Bình Thuận"
CN Ninh Thuận,,,https://ninhhuan.hdbank.com.vn/,"Số 207B Ngô Gia Tự, KP 5, phường Thanh Sơn, TP Phan Rang Tháp Chàm, tỉnh Ninh Thuận"
PGD Tuy An,,,https://phuyen.hdbank.com.vn/,"318-320 Quốc Lộ 1A, thị trấn Chí Thạnh, huyện Tuy An, tỉnh Phú Yên"
PGD Hòa Hiệp,,,https://phuyen.hdbank.com.vn/,"Đường Hòa Hiệp, phường Hòa Hiệp Trung, thị xã Đông Hòa, tỉnh Phú Yên"
PGD Sơn Hà,,,https://quangngai.hdbank.com.vn/,"348 đường 17 tháng 3, thị trấn Di Lăng, huyện Sơn Hà, tỉnh Quảng Ngãi"
PGD Điện Bàn,,,https://quangnam.hdbank.com.vn/,"147 Trần Nhân Tông, phường Vĩnh Điện, thị xã Điện Bàn, tỉnh Quảng Nam"
PGD Hương Trà,(0234) 730 8899,,https://hue.hdbank.com.vn/,"Số 70 Cách Mạng Tháng 8, phường Tứ Hạ, thị xã Hương Trà, tỉnh Thừa Thiên Huế"
CN Hà Nam,,,https://hanam.hdbank.com.vn/,"Số PG1-08A VinCom, đường Biên Hòa, Tổ 5, Phường Minh Khai, thành phố Phủ Lý, tỉnh Hà Nam"
CN Sơn La,,,https://sonla.hdbank.com.vn/,"Số 457A đường Chu Văn Thịnh, phường Chiềng Lề, thành phố Sơn La, tỉnh Sơn La"
PGD Thuận Thành,,,https://bacninh.hdbank.com.vn/,"Toàn bộ căn nhà tại LK13_1 và một phần căn nhà LK13_2, Khu nhà ở TMDV tổng hợp thị trấn Hồ, huyện Thuận Thành, tỉnh Bắc Ninh"
PGD Sa Pa,(0214) 390 9668,,https://laocai.hdbank.com.vn/,"Số 417 Điện Biên Phủ, TT Sa Pa, huyện Sa Pa, tỉnh Lào Cai"
CN Phú Thọ,,,https://phutho.hdbank.com.vn/,"Số 2191 đường Hùng Vương, phường Gia Cẩm, thành phố Việt Trì, tỉnh Phú Thọ"
PGD Ba Đồn,(0232) 370 6686,,https://quangbinh.hdbank.com.vn/,"137-139 Hùng Vương, Quảng Long, Quảng Trạch District, tỉnh Quảng Bình, Vietnam."
PGD Việt Yên,,,https://bacgiang.hdbank.com.vn/,"Thôn Vàng, thị trấn Bích Động, huyện Việt Yên, tỉnh Bắc Giang"
CN Trà Vinh,(0294) 730 8868,(0294) 730 8868,https://travinh.hdbank.com.vn/,"Vincom Shophouse PG1-01-02-03 đường Nam Kỳ Khởi Nghĩa, Khóm 3, Phường 2, TP Trà Vinh, tỉnh Trà Vinh"
PGD Cai Lậy,(0273) 730 2468,(0273) 730 2468,https://tiengiang.hdbank.com.vn/,"Số 2-4-6-8 Đặng Văn Thạnh, khu phố 1, phường 1, thị xã Cai Lậy, tỉnh Tiền Giang."
PGD Kiến Đức,,,https://daknong.hdbank.com.vn/,"Số 03 Nguyễn Tất Thành, thị trấn Kiến Đức, huyện Đắk R'Lấp, tỉnh Đắk Nông"
PGD Đắk Mil,,,https://daknong.hdbank.com.vn/,"Số 16 Trần Hưng Đạo, thị trấn Đắk Mil, tỉnh Đắk Nông"
PGD Đắk Hà,,,https://kontum.hdbank.com.vn/,"Số 501 Hùng Vương, thị trấn Đắk Hà, huyện Đắk Hà, tỉnh Kon Tum"
PGD Sông Hinh,,,https://phuyen.hdbank.com.vn/,"Số 82 Trần Hưng Đạo, khu phố 4, thị trấn Hai Riêng, huyện Sông Hinh, tỉnh Phú Yên"
PGD Tư Nghĩa,,,https://quangngai.hdbank.com.vn/,"Số 248 Nguyễn Huệ, thị trấn La Hà, huyện Tư Nghĩa, tỉnh Quảng Ngãi"
PGD Núi Thành,,,https://quangnam.hdbank.com.vn/,"Số 193 Nguyễn Văn Linh, thị trấn Núi Thành, huyên Núi Thành, tỉnh Quảng Nam"
CN Quảng Trị,(0233) 730 8868,,https://quangtri.hdbank.com.vn/,"101 Quốc lộ 9, Đông Hà, tỉnh Quảng Trị, Vietnam."
PGD Bố Trạch,(0232) 730 5969,,https://quangbinh.hdbank.com.vn/,"Số 49 Hùng Vương, thị trấn Hoàn Lão, huyện Bố Trạch, tỉnh Quảng Bình"
PGD Lệ Thủy,(0232) 730 5868,,https://quangbinh.hdbank.com.vn/,"Số 42 Nguyễn Tất Thành, thị trấn Kiến Giang, huyện Lệ Thủy, tỉnh Quảng Bình"
PGD Thành Nam,,,https://namdinh.hdbank.com.vn/,"Số 130+132 đường Quang Trung, phường Quang Trung, thành phố Nam Định, tỉnh Nam Định"
PGD Văn Giang,,,https://hungyen.hdbank.com.vn/,"Số 137 đường 179, thị trấn Văn Giang, huyện Văn Giang, tỉnh Hưng Yên."
PGD Khoái Châu (Ân Thi cũ),,,https://hungyen.hdbank.com.vn/,"Khu Trung tâm thương mại, thôn An Bình, xã Dân Tiến, huyên Khoái Châu, tỉnh Hưng Yên"
PGD Bắc Hưng Yên,,,https://hungyen.hdbank.com.vn/,"Trung tâm thương mại Dịch vụ 2 thuộc dự án Khu nhà ở công nhân, nhà ở thương mại Lạc Hồng - Phố Nối, phường Nhân Hòa, thị xã Mỹ Hào, tỉnh Hưng Yên"
PGD Tân Yên,,,https://bacgiang.hdbank.com.vn/,"Lô D3, trên mặt đường Cao Kỳ Vân, quy hoạch chi tiết khu dân cư mới, Thị trấn Cao Thượng, huyện Tân Yên, tỉnh Bắc Giang"
PGD Phổ Yên,,,https://thainguyen.hdbank.com.vn/,"Số 17, Tổ dân phố số 6, phường Ba Hàng, thị xã Phổ Yên, tỉnh Thái Nguyên"
PGD Phúc Yên,,,https://vinhphuc.hdbank.com.vn/,"Số 1 đường Sóc Sơn, phường Trưng Trắc, thành phố Phúc Yên, tỉnh Vĩnh Phúc"
CN Cao Bằng,(0206) 730 6886,,https://caobang.hdbank.com.vn/,"Số 40 phố Kim Đồng, phường Hợp Giang, thành phố Cao Bằng, tỉnh Cao Bằng"
CN Tuyên Quang,(0207) 730 6886,(0207) 730 6886,https://tuyenquang.hdbank.com.vn/,"Số 69 Hà Huy Tâp, phường Phan Thiết, thành phố Tuyên Quang, tỉnh Tuyên Quang"
CN Yên Bái,(0207) 730 6886,,https://yenbai.hdbank.com.vn/,"Số 738 đường Điên Biên, phường Minh Tân, TP.Yên Bái, tỉnh Yên Bái"
CN Hòa Bình,0218 730 8868,,https://hoabinh.hdbank.com.vn/,"589 Cù Chính Lan, phường Phương Lâm, thành phố Hòa Bình, tỉnh Hòa Bình"
PGD Hóc Môn,(028) 7308 9968,,https://hochiminh.hdbank.com.vn/,"98/3 Đường Bà Triệu, Khu phố 1, Thị trấn Hóc Môn, Huyện Hóc Môn, Thành Phố Hồ Chí Minh"
PGD Hoa Lư,(0229) 730 5968,,https://ninhbinh.hdbank.com.vn/,"422 Nguyễn Công Trứ, Phường Ninh Sơn, Thành phố Ninh Bình, Tỉnh Ninh Bình"
CN Hậu Giang,(0293) 390 0688,,https://haugiang.hdbank.com.vn/,"100-100A-100B, đường Nguyễn Thái Học, phường 1, TP Vị Thanh, Tỉnh Hậu Giang"
PGD Bến Cát,(0274) 730 3366,,https://binhduong.hdbank.com.vn/,"Lô C - ô số 1, KDC Mỹ Phước 4 - Khu A, P.Mỹ Phước, thị xã Bến Cát, Tỉnh Bình Dương"
PGD Thuận An,(0274) 380 9768,,https://binhduong.hdbank.com.vn/,"45/2 Đường tỉnh 743, Thuận An, Bình Dương, Vietnam"
PGD Tuy Đức,(0261) 730 1868,,https://daknong.hdbank.com.vn/,"Đắk Búk So, Tuy Đức, Dak Nong, Vietnam"
PGD Đắk Bla,(0260) 386 8866,,https://kontum.hdbank.com.vn/,"931 Phạm Văn Đồng, phường Trần Hưng Đạo, Kon Tum, tỉnh Kon Tum, Vietnam"
PGD Ninh Phước,,,https://ninhhuan.hdbank.com.vn/,"Khu phố 4, thị trấn Phước Dân, Phan Rang–Tháp Chàm, tỉnh Ninh Thuận, Vietnam"
PGD Đầm Sen,(0283) 7308 0086,,https://hochiminh.hdbank.com.vn/,"173 Hòa Bình, phường Hiệp Tân, quận Tân Phú, Thành phố Hồ Chí Minh, Vietnam"
PGD Minh Diệu,(0291) 730 8668,(0291) 730 8668,https://baclieu.hdbank.com.vn/,"Số 603 Đường Quốc lộ 1A, thị trấn Hoà Bình, huyện Hòa Bình, tỉnh Bạc Liêu, Vietnam"
PGD Giá Rai,(0291) 730 3968,(0291) 730 3968,https://baclieu.hdbank.com.vn/,"Số 122 Quốc lộ 1A, phường Hộ Phòng, thị xã Giá Rai, tỉnh Bạc Liêu, Việt Nam"
CN Phú Quốc,(0297) 730 6368,(0297) 730 6368,https://kiengiang.hdbank.com.vn/,"Số 139 đường Nguyễn Trung Trực, phường Dương Đông, TP. Phú Quốc, tỉnh Kiên Giang, Việt Nam"
PGD Hòn Đất,(0297) 730 6668,(0297) 730 6668,https://kiengiang.hdbank.com.vn/,"Số 11, Tổ 10, Khu phố Đường Hòn, thị trấn Hòn Đất, huyện Hòn Đất, tỉnh Kiên Giang, Việt Nam"
PGD Tắc Vân,(0290) 730 5599,(0290) 730 5599,https://camau.hdbank.com.vn/,"Số 666 Đường Quốc lộ 1A, xã Tắc Vân, TP. Cà Mau, tỉnh Cà Mau, Việt Nam"
PGD Hải Hậu,(0228) 368 8388,(0228) 368 8388,https://namdinh.hdbank.com.vn/,"Số 130+132 đường Quang Trung, phường Quang Trung, thành phố Nam Định, tỉnh Nam Định, Việt Nam"
PGD Diêm Điền,(0227) 730 8368,(0227) 730 8368,https://thaibinh.hdbank.com.vn/,"Số 155 đường Nguyễn Đức Cảnh, Tổ dân phố 6, thị trấn Diêm Điền, huyện Thái Thụy, tỉnh Thái Bình, Việt Nam"
PGD Tiền Hải,(0227) 365 5589,(0227) 365 5589,https://thaibinh.hdbank.com.vn/,"Số 38 phố Hùng Thắng, tổ dân phố Hùng Thắng, thị trấn Tiền Hải, huyện Tiền Hải, tỉnh Thái Bình, Việt Nam"
PGD Từ Sơn,(0222) 376 1828,(0222) 376 1828,https://bacninh.hdbank.com.vn/,"376 Trần Phú, phường Đông Ngàn, thị xã Từ Sơn, tỉnh Bắc Ninh, Việt Nam"
PGD Lục Nam,,,https://bacgiang.hdbank.com.vn/,"Số 16 phố Thanh Xuân, thị trấn Đồi Ngô, huyện Lục Nam, tỉnh Bắc Giang, Việt Nam"
PGD Yên Lạc,(0211) 730 3668,(0211) 730 3668,https://vinhphuc.hdbank.com.vn/,"Tòa nhà Kiết Hiền, đường Dương Tĩnh, thị trấn Yên Lạc, huyện Yên Lạc, tỉnh Vĩnh Phúc, Việt Nam"
PGD Lập Thạch,,,https://vinhphuc.hdbank.com.vn/,"Đường tỉnh lộ 307, khu vực Trẻ Gắp, thị trấn Lập Thạch, huyện Lập Thạch, tỉnh Vĩnh Phúc, Việt Nam"
CN Điện Biên,,,https://dienbien.hdbank.com.vn/,"822 Đường Võ Nguyên Giáp, phường Tân Thanh, Thành phố Điện Biên Phủ, tỉnh Điện Biên, Việt Nam"
CN Lai Châu,,,https://laichau.hdbank.com.vn/,"Số 61 đường Đại lộ Lê Lợi, phương Tân Phong, thành phố Lai Châu, tỉnh Lai Châu, Việt Nam"
PGD Yên Khánh,,,https://ninhbinh.hdbank.com.vn/,"Số 514-516 , khu phố 3, thị trấn Yên Ninh, huyện Yên Khánh, tỉnh Ninh Bình, Việt Nam"
PGD Hiệp Thành,(028) 3868 5676,,https://hochiminh.hdbank.com.vn/,"182-184 Đường Nguyễn Ảnh Thủ, Hiệp Thành, Quận 12, Thành phố Hồ Chí Minh, Vietnam"
CN Hà Giang,,,https://hagiang.hdbank.com.vn/,"Số 419 Đường Nguyễn Trãi, Phường Nguyễn Trãi, Thành phố Hà Giang, Tỉnh Hà Giang"
CN Móng Cái,,,https://quangninh.hdbank.com.vn/,"Số 59 Đại lộ Hòa Bình, Phường Trần Phú, Thành phố Móng Cái, Tỉnh Quảng Ninh"
CN Bắc Kạn,,,https://backan.hdbank.com.vn/,"Số 35, Đường Trường Chinh, Tổ 5, Phường Phùng Chí kiên, Thành phố Bắc Kạn, Tỉnh Bắc Kạn"
PGD Gia Viễn,0229.388.6368,,https://ninhbinh.hdbank.com.vn/,"Đường Hồng Dân (đường tái định cư, xã Gia Thịnh), Thị trấn Me, huyện Gia Viễn, tỉnh Ninh Bình"
Chi Nhánh Vikki,(028) 37309616,,,"Lô T2-1.5, Đường D1, Khu công nghệ cao, phường Tân Phú, Thành phố Thủ Đức, Thành phố Hồ Chí Minh, Việt Nam"
CN Tân Uyên,(0274) 368 5468,,https://binhduong.hdbank.com.vn/,"Khu nhà ở thương mại Hoàng Mai, phường Uyên Hưng, TP. Tân Uyên, Bình Dương"
